"Cover";"Qty_CD";"Date_Modifs";"Family";"MD5";"Length";"Qty_CueERR";"ID_CD";"Qty_covers";"Statut";"Duration";"Qty_Tracks";"Typ_Tag";"Qty_repMusic";"RHDD_Modifs";"Label";"Position1";"Category";"Position2";"Year";"Qty_audio";"Path";"Typ_Audio";"ISRC";"Size";"Date_Insert";"Qty_Cue";"Name";"Qty_repCover"
"\\HOMERSTATION\_LossLess\TRANCE\Download\_2000_2004\Cosma - Nonstop [HOM-Mega Productions] (2003)\cover.jpg";"1";"2017-07-27 20:58:08";"Download";"3FD311FABD806999D677734708FCF87E";"01:09:23";"1";"3143";"4";"UPDATE";"4163,226";"9";"TAG";"1";"2017-07-17 22:23:44";"";"Download";"TRANCE";"_2000_2004";"2003";"9";"\\HOMERSTATION\_LossLess\TRANCE\Download\_2000_2004\Cosma - Nonstop [HOM-Mega Productions] (2003)";"FLAC";"";"441";"2016-06-10 23:42:34";"2";"Cosma - Nonstop [HOM-Mega Productions] ";"1"
"\\HOMERSTATION\_LossLess\TRANCE\Download\_2005_2009\Shadow Fx - Direct Influence [Zenon Records] (2007)\cover.jpg";"1";"2017-07-27 20:59:30";"Download";"A1FE494DDC8111FF37192946AF7BC2D5";"01:11:09";"0";"4324";"5";"NEW";"4268,813";"9";"TAG";"1";"2017-07-27 20:32:50";"";"Download";"TRANCE";"_2005_2009";"2007";"9";"\\HOMERSTATION\_LossLess\TRANCE\Download\_2005_2009\Shadow Fx - Direct Influence [Zenon Records] (2007)";"FLAC";"";"406";"2017-07-27 20:59:30";"0";"Shadow Fx - Direct Influence [Zenon Records] ";"0"
"\\HOMERSTATION\_LossLess\TRANCE\Download\_2010_2014\Cortex - Tradition of Sorcerer (2014)\cover.jpg";"1";"2017-07-27 21:00:07";"Download";"0D85922EDB945AF866994BFFA1DEA6CC";"01:02:21";"0";"4325";"1";"NEW";"3741";"10";"CUE";"1";"2017-07-27 20:43:15";"";"Download";"TRANCE";"_2010_2014";"2014";"1";"\\HOMERSTATION\_LossLess\TRANCE\Download\_2010_2014\Cortex - Tradition of Sorcerer (2014)";"FLAC";"";"411";"2017-07-27 21:00:07";"1";"Cortex - Tradition of Sorcerer ";"0"
"\\HOMERSTATION\_LossLess\TRANCE\Download\_2010_2014\VA - Get Connected Volume 2 (2013)\cover.jpg";"1";"2017-07-27 21:00:52";"Download";"F793084C216336773B796D123E84968A";"01:16:02";"0";"4314";"2";"UPDATE";"4561,959";"10";"TAG";"1";"2017-07-06 16:35:21";"";"Download";"TRANCE";"_2010_2014";"2013";"10";"\\HOMERSTATION\_LossLess\TRANCE\Download\_2010_2014\VA - Get Connected Volume 2 (2013)";"FLAC";"";"525";"2017-07-06 16:34:53";"0";"VA - Get Connected Volume 2 ";"0"
"\\HOMERSTATION\_LossLess\TRANCE\Download\_2015_2019\Ajja, Outsiders - Divine Particle EP (2017)\cover.jpg";"1";"2017-07-27 21:01:09";"Download";"C2E3C26EA02F5898DF12532DA1569929";"00:07:33";"0";"4326";"1";"NEW";"453,333";"1";"TAG";"1";"2017-07-09 19:32:29";"";"Download";"TRANCE";"_2015_2019";"2017";"1";"\\HOMERSTATION\_LossLess\TRANCE\Download\_2015_2019\Ajja, Outsiders - Divine Particle EP (2017)";"FLAC";"";"53";"2017-07-27 21:01:09";"0";"Ajja, Outsiders - Divine Particle EP ";"0"
"\\HOMERSTATION\_LossLess\TRANCE\Download\_2015_2019\Astral Projection - Y-Salem EP [Dacru Records] (2017)\cover.jpg";"1";"2017-07-27 21:01:17";"Download";"573140559BF0872D0E6CD656C1C34C04";"00:18:02";"0";"4327";"2";"NEW";"1081,69";"2";"TAG";"1";"2017-07-27 20:27:56";"";"Download";"TRANCE";"_2015_2019";"2017";"2";"\\HOMERSTATION\_LossLess\TRANCE\Download\_2015_2019\Astral Projection - Y-Salem EP [Dacru Records] (2017)";"FLAC";"";"127";"2017-07-27 21:01:17";"0";"Astral Projection - Y-Salem EP [Dacru Records] ";"0"
"\\HOMERSTATION\_LossLess\TRANCE\Download\_2015_2019\Astronomical - Show Time EP [Majestic Records] (japan) (2017)\cover.jpg";"1";"2017-07-27 21:01:23";"Download";"186D433C5C606736D18367C659928A28";"00:33:13";"0";"4328";"2";"NEW";"1993,25";"4";"TAG";"1";"2017-07-17 22:26:39";"";"Download";"TRANCE";"_2015_2019";"2017";"4";"\\HOMERSTATION\_LossLess\TRANCE\Download\_2015_2019\Astronomical - Show Time EP [Majestic Records] (japan) (2017)";"FLAC";"";"260";"2017-07-27 21:01:23";"0";"Astronomical - Show Time EP [Majestic Records] (japan) ";"0"
"\\HOMERSTATION\_LossLess\TRANCE\Download\_2015_2019\Atmos - The Only Process (Metronome Remix) [AMTR0011] (2017)\folder.jpg";"1";"2017-07-27 21:01:29";"Download";"EDAC54AD089249AE93831D2C0E1772E7";"00:09:00";"0";"4329";"1";"NEW";"540,114";"1";"TAG";"1";"2017-07-10 15:28:03";"";"Download";"TRANCE";"_2015_2019";"2017";"1";"\\HOMERSTATION\_LossLess\TRANCE\Download\_2015_2019\Atmos - The Only Process (Metronome Remix) [AMTR0011] (2017)";"FLAC";"";"59";"2017-07-27 21:01:29";"0";"Atmos - The Only Process (Metronome Remix) [AMTR0011] ";"0"
"\\HOMERSTATION\_LossLess\TRANCE\Download\_2015_2019\Audiotec - Future Memories - Antinomy Remix EP (2017)\cover.jpg";"1";"2017-07-27 21:01:34";"Download";"398818A921A798C63953F2363E73F243";"00:07:02";"0";"4330";"1";"NEW";"421,714";"1";"TAG";"1";"2017-07-09 19:34:47";"";"Download";"TRANCE";"_2015_2019";"2017";"1";"\\HOMERSTATION\_LossLess\TRANCE\Download\_2015_2019\Audiotec - Future Memories - Antinomy Remix EP (2017)";"FLAC";"";"48";"2017-07-27 21:01:34";"0";"Audiotec - Future Memories - Antinomy Remix EP ";"0"
"\\HOMERSTATION\_LossLess\TRANCE\Download\_2015_2019\Biocycle - Art + Science EP (2017)\cover.jpg";"1";"2017-07-27 21:01:39";"Download";"45730030C6DDD1142FC78F86CB66A17E";"00:13:33";"0";"4331";"2";"NEW";"812,572";"2";"TAG";"1";"2017-07-09 19:38:03";"";"Download";"TRANCE";"_2015_2019";"2017";"2";"\\HOMERSTATION\_LossLess\TRANCE\Download\_2015_2019\Biocycle - Art + Science EP (2017)";"FLAC";"";"86";"2017-07-27 21:01:39";"0";"Biocycle - Art + Science EP ";"0"
"\\HOMERSTATION\_LossLess\TRANCE\Download\_2015_2019\Helber Gun - Renaissance [247D037] (2015)\folder.jpg";"1";"2017-07-27 21:01:56";"Download";"9F48DA7D24D717A8472DD7B0084F464B";"00:16:12";"0";"4332";"1";"NEW";"971,572";"2";"TAG";"1";"2017-07-17 22:10:34";"";"Download";"TRANCE";"_2015_2019";"2015";"2";"\\HOMERSTATION\_LossLess\TRANCE\Download\_2015_2019\Helber Gun - Renaissance [247D037] (2015)";"FLAC";"";"109";"2017-07-27 21:01:56";"0";"Helber Gun - Renaissance [247D037] ";"0"
"\\HOMERSTATION\_LossLess\TRANCE\Download\_2015_2019\Liquid Soul - Lost Gravity [4056813042443] (2017)\folder.jpg";"1";"2017-07-27 21:02:07";"Download";"C0271A5114F2AE501E3EBA392DAF628B";"00:09:13";"0";"4333";"1";"NEW";"553,043";"1";"TAG";"1";"2017-07-17 22:28:01";"";"Download";"TRANCE";"_2015_2019";"2017";"1";"\\HOMERSTATION\_LossLess\TRANCE\Download\_2015_2019\Liquid Soul - Lost Gravity [4056813042443] (2017)";"FLAC";"";"59";"2017-07-27 21:02:07";"0";"Liquid Soul - Lost Gravity [4056813042443] ";"0"
"\\HOMERSTATION\_LossLess\TRANCE\Download\_2015_2019\Oniro - Eleven Eleven [PREP062] (2017)\folder.jpg";"1";"2017-07-27 21:02:18";"Download";"22175864275DA42D384696F7F87C1B16";"00:15:25";"0";"4334";"1";"NEW";"925,478";"2";"TAG";"1";"2017-07-17 23:37:51";"";"Download";"TRANCE";"_2015_2019";"2017";"2";"\\HOMERSTATION\_LossLess\TRANCE\Download\_2015_2019\Oniro - Eleven Eleven [PREP062] (2017)";"FLAC";"";"106";"2017-07-27 21:02:18";"0";"Oniro - Eleven Eleven [PREP062] ";"0"
"\\HOMERSTATION\_LossLess\TRANCE\Download\_2015_2019\Pilot - Natural Wonders [MGMEP044] (2017)\folder.jpg";"1";"2017-07-27 21:02:27";"Download";"BA2C8E1BAB3ABD813C6FA5AF33C27CB4";"00:20:57";"0";"4335";"1";"NEW";"1256,612";"3";"TAG";"1";"2017-07-17 22:10:27";"";"Download";"TRANCE";"_2015_2019";"2017";"3";"\\HOMERSTATION\_LossLess\TRANCE\Download\_2015_2019\Pilot - Natural Wonders [MGMEP044] (2017)";"FLAC";"";"130";"2017-07-27 21:02:27";"0";"Pilot - Natural Wonders [MGMEP044] ";"0"
"\\HOMERSTATION\_LossLess\TRANCE\Download\_2015_2019\Psilocybian - Third Eye Itch [0641243150789] (2017)\folder.jpg";"1";"2017-07-27 21:02:34";"Download";"A16AA89649AB68D604CC9EDA8D71DF76";"00:13:43";"0";"4336";"1";"NEW";"822,701";"2";"TAG";"1";"2017-07-17 22:10:30";"";"Download";"TRANCE";"_2015_2019";"2017";"2";"\\HOMERSTATION\_LossLess\TRANCE\Download\_2015_2019\Psilocybian - Third Eye Itch [0641243150789] (2017)";"FLAC";"";"100";"2017-07-27 21:02:34";"0";"Psilocybian - Third Eye Itch [0641243150789] ";"0"
"\\HOMERSTATION\_LossLess\TRANCE\Download\_2015_2019\Second Sine & Fonarev - Lucid Logic [JM106] (2016)\folder.jpg";"1";"2017-07-27 21:02:40";"Download";"57C845FDC6A0128531E4F0E1D1E876C9";"00:07:49";"0";"4337";"1";"NEW";"469,412";"1";"TAG";"1";"2017-07-17 22:10:31";"";"Download";"TRANCE";"_2015_2019";"2016";"1";"\\HOMERSTATION\_LossLess\TRANCE\Download\_2015_2019\Second Sine & Fonarev - Lucid Logic [JM106] (2016)";"FLAC";"";"57";"2017-07-27 21:02:40";"0";"Second Sine & Fonarev - Lucid Logic [JM106] ";"0"
"\\HOMERSTATION\_LossLess\TRANCE\Download\_2015_2019\Timelock & Impact - Visual Forms [DM098] (2017)\folder.jpg";"1";"2017-07-27 21:02:53";"Download";"12E6296AF8A2DEAB4019D4691736A03D";"00:06:34";"0";"4338";"1";"NEW";"394,286";"1";"TAG";"1";"2017-07-09 19:43:40";"";"Download";"TRANCE";"_2015_2019";"2017";"1";"\\HOMERSTATION\_LossLess\TRANCE\Download\_2015_2019\Timelock & Impact - Visual Forms [DM098] (2017)";"FLAC";"";"48";"2017-07-27 21:02:53";"0";"Timelock & Impact - Visual Forms [DM098] ";"0"
"\\HOMERSTATION\_LossLess\TRANCE\Download\_2015_2019\Transwave - Destiny [JOOF242] (2015)\folder.jpg";"1";"2017-07-27 21:02:57";"Download";"76E84C71A6D24405A22B902C725C01FC";"00:14:40";"0";"4339";"1";"NEW";"880";"2";"TAG";"1";"2017-07-27 20:43:15";"";"Download";"TRANCE";"_2015_2019";"2015";"2";"\\HOMERSTATION\_LossLess\TRANCE\Download\_2015_2019\Transwave - Destiny [JOOF242] (2015)";"FLAC";"";"112";"2017-07-27 21:02:57";"0";"Transwave - Destiny [JOOF242] ";"0"
"\\HOMERSTATION\_LossLess\TRANCE\Download\_2015_2019\U-Recken - Nothing Is Sacred [Dacru Records] (2017)\cover.jpg";"1";"2017-07-27 21:03:02";"Download";"53E7F65E4A30A7FA45242B81FFECF0B3";"01:09:53";"0";"4340";"1";"NEW";"4193,294";"9";"TAG";"1";"2017-07-27 20:38:27";"";"Download";"TRANCE";"_2015_2019";"2017";"9";"\\HOMERSTATION\_LossLess\TRANCE\Download\_2015_2019\U-Recken - Nothing Is Sacred [Dacru Records] (2017)";"FLAC";"";"466";"2017-07-27 21:03:02";"0";"U-Recken - Nothing Is Sacred [Dacru Records] ";"0"
"\\HOMERSTATION\_LossLess\TRANCE\Download\_2015_2019\VA - Digital Om Frequencies Vol.1 EP [Digital Om] (2017)\cover.jpg";"1";"2017-07-27 21:03:11";"Download";"F7324695EBF6C4CCA15EB0D9DE625D04";"00:31:31";"0";"4341";"1";"NEW";"1890,749";"4";"TAG";"1";"2017-07-17 23:37:51";"";"Download";"TRANCE";"_2015_2019";"2017";"4";"\\HOMERSTATION\_LossLess\TRANCE\Download\_2015_2019\VA - Digital Om Frequencies Vol.1 EP [Digital Om] (2017)";"FLAC";"";"228";"2017-07-27 21:03:11";"0";"VA - Digital Om Frequencies Vol.1 EP [Digital Om] ";"0"
"\\HOMERSTATION\_LossLess\TRANCE\Download\_2015_2019\VA - Frantic Meditation [Badgers Records] (2017)\folder.jpg";"1";"2017-07-27 21:03:18";"Download";"A90C4CDEB5288F2FCFB20D60FBA374E1";"01:13:54";"0";"4342";"3";"NEW";"4434,347";"11";"TAG";"1";"2017-07-17 22:10:36";"";"Download";"TRANCE";"_2015_2019";"2017";"11";"\\HOMERSTATION\_LossLess\TRANCE\Download\_2015_2019\VA - Frantic Meditation [Badgers Records] (2017)";"FLAC";"";"560";"2017-07-27 21:03:18";"0";"VA - Frantic Meditation [Badgers Records] ";"0"
"\\HOMERSTATION\_LossLess\TRANCE\Download\_2015_2019\VA - Uncharted Vol.1 [Dacru Records] (2015)\cover.jpg";"1";"2017-07-27 21:03:40";"Download";"633A5E9A55D6E9867BFB7C7AAEFFC8E6";"01:20:04";"0";"4162";"1";"UPDATE";"4803,959";"10";"TAG";"1";"2017-07-13 15:45:48";"";"Download";"TRANCE";"_2015_2019";"2015";"10";"\\HOMERSTATION\_LossLess\TRANCE\Download\_2015_2019\VA - Uncharted Vol.1 [Dacru Records] (2015)";"FLAC";"";"545";"2017-06-15 21:23:21";"0";"VA - Uncharted Vol.1 [Dacru Records] ";"0"
"\\HOMERSTATION\_LossLess\TRANCE\Labels\432 Records\[4322016005] Metronome - Game Of Life (2016)\cover.jpg";"1";"2017-07-27 21:04:54";"Label/Physique";"F10C4EB472FA6F144B0FF53C27F468F0";"00:08:07";"0";"4343";"1";"NEW";"486,591";"1";"TAG";"1";"2017-07-04 11:51:39";"432 Records";"Labels";"TRANCE";"432 Records";"2016";"1";"\\HOMERSTATION\_LossLess\TRANCE\Labels\432 Records\[4322016005] Metronome - Game Of Life (2016)";"FLAC";"4322016005";"56";"2017-07-27 21:04:54";"0";"Metronome - Game Of Life ";"0"
"\\HOMERSTATION\_LossLess\TRANCE\Labels\Blue Tunes Records\[BTRDR373] Amagra - Tequila Sunrise (2016)\folder.jpg";"1";"2017-07-27 21:05:44";"Label/Physique";"5B0C64BA3D0818CA6466E9453FDC7D8D";"00:14:56";"0";"4348";"1";"NEW";"896,158";"2";"TAG";"1";"2017-07-17 22:08:29";"Blue Tunes Records";"Labels";"TRANCE";"Blue Tunes Records";"2016";"2";"\\HOMERSTATION\_LossLess\TRANCE\Labels\Blue Tunes Records\[BTRDR373] Amagra - Tequila Sunrise (2016)";"FLAC";"BTRDR373";"102";"2017-07-27 21:05:44";"0";"Amagra - Tequila Sunrise ";"0"
"\\HOMERSTATION\_LossLess\TRANCE\Labels\Blue Tunes Records\[BTRDR313] Ghost Rider - Shamanic (2016)\folder.jpg";"1";"2017-07-27 21:05:31";"Label/Physique";"00270687AACD933E4515364143716B36";"00:08:05";"0";"4346";"1";"NEW";"485,217";"1";"TAG";"1";"2017-07-17 22:08:29";"Blue Tunes Records";"Labels";"TRANCE";"Blue Tunes Records";"2016";"1";"\\HOMERSTATION\_LossLess\TRANCE\Labels\Blue Tunes Records\[BTRDR313] Ghost Rider - Shamanic (2016)";"FLAC";"BTRDR313";"54";"2017-07-27 21:05:31";"0";"Ghost Rider - Shamanic ";"0"
"\\HOMERSTATION\_LossLess\TRANCE\Labels\Blue Tunes Records\[BTRDR382] Kopel - Shanghai (2017)\folder.jpg";"1";"2017-07-27 21:05:54";"Label/Physique";"B04B0DAB0E01C7BC02DDACAE6D2C0CC3";"00:07:20";"0";"4350";"1";"NEW";"439,518";"1";"TAG";"1";"2017-07-17 22:08:13";"Blue Tunes Records";"Labels";"TRANCE";"Blue Tunes Records";"2017";"1";"\\HOMERSTATION\_LossLess\TRANCE\Labels\Blue Tunes Records\[BTRDR382] Kopel - Shanghai (2017)";"FLAC";"BTRDR382";"52";"2017-07-27 21:05:54";"0";"Kopel - Shanghai ";"0"
"\\HOMERSTATION\_LossLess\TRANCE\Labels\Blue Tunes Records\[BTRDR300] Metronome - Sadhana (2016)\folder.jpg";"1";"2017-07-27 21:05:26";"Label/Physique";"F66670B992BCA050FE4392B1C8F4288C";"00:07:22";"0";"4345";"1";"NEW";"442,376";"1";"TAG";"1";"2017-07-17 22:08:28";"Blue Tunes Records";"Labels";"TRANCE";"Blue Tunes Records";"2016";"1";"\\HOMERSTATION\_LossLess\TRANCE\Labels\Blue Tunes Records\[BTRDR300] Metronome - Sadhana (2016)";"FLAC";"BTRDR300";"47";"2017-07-27 21:05:26";"0";"Metronome - Sadhana ";"0"
"\\HOMERSTATION\_LossLess\TRANCE\Labels\Blue Tunes Records\[BTRDR380] Metronome - What Goes Up, Must Come Down (2017)\cover.jpg";"1";"2017-07-27 21:05:50";"Label/Physique";"206BC9940BF3A7524846EF084B87F308";"00:07:45";"0";"4349";"1";"NEW";"464,502";"1";"TAG";"1";"2017-07-03 23:03:24";"Blue Tunes Records";"Labels";"TRANCE";"Blue Tunes Records";"2017";"1";"\\HOMERSTATION\_LossLess\TRANCE\Labels\Blue Tunes Records\[BTRDR380] Metronome - What Goes Up, Must Come Down (2017)";"FLAC";"BTRDR380";"52";"2017-07-27 21:05:50";"0";"Metronome - What Goes Up, Must Come Down ";"0"
"\\HOMERSTATION\_LossLess\TRANCE\Labels\Blue Tunes Records\[BTRDR258] Ranji - Power Of Acid - Single (2015)\folder.jpg";"1";"2017-07-27 21:05:19";"Label/Physique";"CA9F0D08B141AACD8D39EDF3842101EB";"00:09:08";"0";"4344";"1";"NEW";"548,437";"1";"TAG";"1";"2017-07-17 22:08:27";"Blue Tunes Records";"Labels";"TRANCE";"Blue Tunes Records";"2015";"1";"\\HOMERSTATION\_LossLess\TRANCE\Labels\Blue Tunes Records\[BTRDR258] Ranji - Power Of Acid - Single (2015)";"FLAC";"BTRDR258";"60";"2017-07-27 21:05:19";"0";"Ranji - Power Of Acid - Single ";"0"
"\\HOMERSTATION\_LossLess\TRANCE\Labels\Blue Tunes Records\[BTRDR317] Ranji, Mind Spin - Secrets of the Universe EP (2016)\cover.jpg";"1";"2017-07-27 21:05:37";"Label/Physique";"E8CC2C91B7DBCC1D99DC5CD6A2150AFA";"00:08:10";"0";"4347";"1";"NEW";"490,286";"1";"TAG";"1";"2017-07-09 19:43:13";"Blue Tunes Records";"Labels";"TRANCE";"Blue Tunes Records";"2016";"1";"\\HOMERSTATION\_LossLess\TRANCE\Labels\Blue Tunes Records\[BTRDR317] Ranji, Mind Spin - Secrets of the Universe EP (2016)";"FLAC";"BTRDR317";"59";"2017-07-27 21:05:37";"0";"Ranji, Mind Spin - Secrets of the Universe EP ";"0"
"\\HOMERSTATION\_LossLess\TRANCE\Labels\Blue Tunes Records\[BTRDR415] Yahel - Atmosphere - Future People Remix EP (2017)\cover.jpg";"1";"2017-07-27 21:05:58";"Label/Physique";"14C2BE681FC8D9699BA031370ACB98AD";"00:06:33";"0";"4351";"1";"NEW";"393,169";"1";"TAG";"1";"2017-07-09 19:45:28";"Blue Tunes Records";"Labels";"TRANCE";"Blue Tunes Records";"2017";"1";"\\HOMERSTATION\_LossLess\TRANCE\Labels\Blue Tunes Records\[BTRDR415] Yahel - Atmosphere - Future People Remix EP (2017)";"FLAC";"BTRDR415";"45";"2017-07-27 21:05:58";"0";"Yahel - Atmosphere - Future People Remix EP ";"0"
"\\HOMERSTATION\_LossLess\TRANCE\Labels\Echoes Records\[ECHOEPIL056] VA - Wide Open (2011)\cover.jpg";"1";"2017-07-27 21:06:33";"Label/Physique";"FCB593FCD64FEB66D8C038E19FAA3FE0";"01:14:24";"0";"4303";"1";"UPDATE";"4464,345";"9";"TAG";"1";"2017-07-03 15:26:08";"Echoes Records";"Labels";"TRANCE";"Echoes Records";"2011";"9";"\\HOMERSTATION\_LossLess\TRANCE\Labels\Echoes Records\[ECHOEPIL056] VA - Wide Open (2011)";"FLAC";"ECHOEPIL056";"456";"2017-07-03 12:54:25";"0";"VA - Wide Open ";"0"
"\\HOMERSTATION\_LossLess\TRANCE\Labels\Iboga Records\[IBOGADIGITAL313] Ace Ventura & Astrix - Pranava (Ranji & Mind Spin Remix) (2016)\folder.jpg";"1";"2017-07-27 21:07:51";"Label/Physique";"3E3AD5CB81AA7451B78278B6022C8E6F";"00:07:38";"0";"4355";"1";"NEW";"457,714";"1";"TAG";"1";"2017-07-17 22:08:35";"Iboga Records";"Labels";"TRANCE";"Iboga Records";"2016";"1";"\\HOMERSTATION\_LossLess\TRANCE\Labels\Iboga Records\[IBOGADIGITAL313] Ace Ventura & Astrix - Pranava (Ranji & Mind Spin Remix) (2016)";"FLAC";"IBOGADIGITAL313";"54";"2017-07-27 21:07:51";"0";"Ace Ventura & Astrix - Pranava (Ranji & Mind Spin Remix) ";"0"
"\\HOMERSTATION\_LossLess\TRANCE\Labels\Iboga Records\[IBOGADIGITAL236] Flowjob - Fall From Space (2015)\folder.jpg";"1";"2017-07-27 21:07:39";"Label/Physique";"9A47EB329A4DF6DC46ACB6C6EBD38FF7";"00:15:55";"0";"4352";"1";"NEW";"954,629";"2";"TAG";"1";"2017-07-17 22:08:32";"Iboga Records";"Labels";"TRANCE";"Iboga Records";"2015";"2";"\\HOMERSTATION\_LossLess\TRANCE\Labels\Iboga Records\[IBOGADIGITAL236] Flowjob - Fall From Space (2015)";"FLAC";"IBOGADIGITAL236";"107";"2017-07-27 21:07:39";"0";"Flowjob - Fall From Space ";"0"
"\\HOMERSTATION\_LossLess\TRANCE\Labels\Iboga Records\[IBOGADIGITAL326] Liquid Soul & Neodyne - Believe (2017)\folder.jpg";"1";"2017-07-27 21:07:58";"Label/Physique";"1D34FC484189F8122D76E7E634AB90EA";"00:07:42";"0";"4356";"1";"NEW";"461,778";"1";"TAG";"1";"2017-07-17 22:08:36";"Iboga Records";"Labels";"TRANCE";"Iboga Records";"2017";"1";"\\HOMERSTATION\_LossLess\TRANCE\Labels\Iboga Records\[IBOGADIGITAL326] Liquid Soul & Neodyne - Believe (2017)";"FLAC";"IBOGADIGITAL326";"47";"2017-07-27 21:07:58";"0";"Liquid Soul & Neodyne - Believe ";"0"
"\\HOMERSTATION\_LossLess\TRANCE\Labels\Iboga Records\[IBOGADIGITAL282] Liquid Soul & Neodyne - Cherub (2016)\folder.jpg";"1";"2017-07-27 21:07:47";"Label/Physique";"77977640176F05521039C2A9AE59901B";"00:07:53";"0";"4354";"1";"NEW";"473,043";"1";"TAG";"1";"2017-07-17 22:08:34";"Iboga Records";"Labels";"TRANCE";"Iboga Records";"2016";"1";"\\HOMERSTATION\_LossLess\TRANCE\Labels\Iboga Records\[IBOGADIGITAL282] Liquid Soul & Neodyne - Cherub (2016)";"FLAC";"IBOGADIGITAL282";"50";"2017-07-27 21:07:47";"0";"Liquid Soul & Neodyne - Cherub ";"0"
"\\HOMERSTATION\_LossLess\TRANCE\Labels\Iboga Records\[IBOGADIGITAL268] Phaxe & Hener - The Quest (2016)\folder.jpg";"1";"2017-07-27 21:07:42";"Label/Physique";"E7D87EA4C7C9E7C4666379F3450B68DA";"00:07:47";"0";"4353";"1";"NEW";"466,525";"1";"TAG";"1";"2017-07-17 22:08:33";"Iboga Records";"Labels";"TRANCE";"Iboga Records";"2016";"1";"\\HOMERSTATION\_LossLess\TRANCE\Labels\Iboga Records\[IBOGADIGITAL268] Phaxe & Hener - The Quest (2016)";"FLAC";"IBOGADIGITAL268";"46";"2017-07-27 21:07:42";"0";"Phaxe & Hener - The Quest ";"0"
"\\HOMERSTATION\_LossLess\TRANCE\Labels\Iono Records\[Inm1digi257] Cosmic Tone, Cosmic Flow - Boombay EP (2017)\cover.jpg";"1";"2017-07-27 21:09:13";"Label/Physique";"1A095BDAE9088236369C6C870E9B05C5";"00:08:08";"0";"4361";"1";"NEW";"487,723";"1";"TAG";"1";"2017-07-17 22:21:31";"Iono Records";"Labels";"TRANCE";"Iono Records";"2017";"1";"\\HOMERSTATION\_LossLess\TRANCE\Labels\Iono Records\[Inm1digi257] Cosmic Tone, Cosmic Flow - Boombay EP (2017)";"FLAC";"Inm1digi257";"52";"2017-07-27 21:09:13";"0";"Cosmic Tone, Cosmic Flow - Boombay EP ";"0"
"\\HOMERSTATION\_LossLess\TRANCE\Labels\Iono Records\[Inm1digi260] Dual Vision - Onironauta EP (2017)\cover.jpg";"1";"2017-07-27 21:09:21";"Label/Physique";"5FE53D318DBC67337F3B5D7F51D4830F";"00:18:17";"0";"4362";"1";"NEW";"1097,325";"2";"TAG";"1";"2017-07-09 19:42:12";"Iono Records";"Labels";"TRANCE";"Iono Records";"2017";"2";"\\HOMERSTATION\_LossLess\TRANCE\Labels\Iono Records\[Inm1digi260] Dual Vision - Onironauta EP (2017)";"FLAC";"Inm1digi260";"119";"2017-07-27 21:09:21";"0";"Dual Vision - Onironauta EP ";"0"
"\\HOMERSTATION\_LossLess\TRANCE\Labels\Iono Records\[imm1cd080] E-Clip - Biointegrated Design (2017)\cover.jpg";"1";"2017-07-27 21:08:40";"Label/Physique";"A5A43F5F7739A9C212B81289E43BCF30";"01:11:38";"0";"4357";"1";"NEW";"4297,826";"9";"TAG";"1";"2017-07-17 22:12:04";"Iono Records";"Labels";"TRANCE";"Iono Records";"2017";"9";"\\HOMERSTATION\_LossLess\TRANCE\Labels\Iono Records\[imm1cd080] E-Clip - Biointegrated Design (2017)";"FLAC";"imm1cd080";"452";"2017-07-27 21:08:40";"0";"E-Clip - Biointegrated Design ";"0"
"\\HOMERSTATION\_LossLess\TRANCE\Labels\Iono Records\[Inm1digi209] Ilai - Space Safari (2016)\cover.jpg";"1";"2017-07-27 21:09:00";"Label/Physique";"E2386883328EE041BC2230C47FFEA139";"00:23:38";"0";"4359";"2";"NEW";"1417,816";"3";"TAG";"1";"2017-07-09 19:32:30";"Iono Records";"Labels";"TRANCE";"Iono Records";"2016";"3";"\\HOMERSTATION\_LossLess\TRANCE\Labels\Iono Records\[Inm1digi209] Ilai - Space Safari (2016)";"FLAC";"Inm1digi209";"149";"2017-07-27 21:09:00";"0";"Ilai - Space Safari ";"0"
"\\HOMERSTATION\_LossLess\TRANCE\Labels\Iono Records\[inm1digi008] Jaia - Epsilon Tesseract Remix (2009)\cover.jpg";"1";"2017-07-27 21:08:49";"Label/Physique";"EB91EEA0B0221890A76F7EE6C8A4D573";"00:23:20";"0";"4358";"2";"NEW";"1400,449";"3";"TAG";"1";"2017-07-27 20:30:54";"Iono Records";"Labels";"TRANCE";"Iono Records";"2009";"3";"\\HOMERSTATION\_LossLess\TRANCE\Labels\Iono Records\[inm1digi008] Jaia - Epsilon Tesseract Remix (2009)";"FLAC";"inm1digi008";"142";"2017-07-27 21:08:49";"0";"Jaia - Epsilon Tesseract Remix ";"0"
"\\HOMERSTATION\_LossLess\TRANCE\Labels\Iono Records\[Inm1digi252] VA - Liquid Spring (2017)\cover.jpg";"1";"2017-07-27 21:09:08";"Label/Physique";"DF4724D7E63CE2ED4582275589909D8B";"01:06:06";"0";"4360";"1";"NEW";"3966,148";"9";"TAG";"1";"2017-07-17 22:21:27";"Iono Records";"Labels";"TRANCE";"Iono Records";"2017";"9";"\\HOMERSTATION\_LossLess\TRANCE\Labels\Iono Records\[Inm1digi252] VA - Liquid Spring (2017)";"FLAC";"Inm1digi252";"441";"2017-07-27 21:09:08";"0";"VA - Liquid Spring ";"0"
"\\HOMERSTATION\_LossLess\TRANCE\Labels\NANO Records\[NANODIGI124] Avalon, Waio - Shiva EP (2017)\cover.jpg";"1";"2017-07-27 21:09:57";"Label/Physique";"5815A16B75642A813982161F4AD921F4";"00:06:39";"0";"4365";"1";"NEW";"399,26";"1";"TAG";"1";"2017-07-09 19:36:45";"NANO Records";"Labels";"TRANCE";"NANO Records";"2017";"1";"\\HOMERSTATION\_LossLess\TRANCE\Labels\NANO Records\[NANODIGI124] Avalon, Waio - Shiva EP (2017)";"FLAC";"NANODIGI124";"46";"2017-07-27 21:09:57";"0";"Avalon, Waio - Shiva EP ";"0"
"\\HOMERSTATION\_LossLess\TRANCE\Labels\NANO Records\[NANODIGI120] Burn In Noise, Outside The Universe - God Intoxicated State EP (2017)\cover.jpg";"1";"2017-07-27 21:09:51";"Label/Physique";"BF0875992480FBA57D8081623E7EB901";"00:06:37";"0";"4364";"1";"NEW";"397,241";"1";"TAG";"1";"2017-07-17 23:37:51";"NANO Records";"Labels";"TRANCE";"NANO Records";"2017";"1";"\\HOMERSTATION\_LossLess\TRANCE\Labels\NANO Records\[NANODIGI120] Burn In Noise, Outside The Universe - God Intoxicated State EP (2017)";"FLAC";"NANODIGI120";"48";"2017-07-27 21:09:51";"0";"Burn In Noise, Outside The Universe - God Intoxicated State EP ";"0"
"\\HOMERSTATION\_LossLess\TRANCE\Labels\NANO Records\[NANOCD026] Laughing Buddha - Sacred Technology (2010)\cover.jpg";"1";"2017-07-27 21:09:34";"Label/Physique";"26FE87EF1FC16152E62B94A9483BDE7D";"01:08:58";"0";"4363";"1";"NEW";"4137,533";"9";"TAG";"1";"2017-07-04 18:59:58";"NANO Records";"Labels";"TRANCE";"NANO Records";"2010";"9";"\\HOMERSTATION\_LossLess\TRANCE\Labels\NANO Records\[NANOCD026] Laughing Buddha - Sacred Technology (2010)";"FLAC";"NANOCD026";"478";"2017-07-27 21:09:34";"1";"Laughing Buddha - Sacred Technology ";"0"
"\\HOMERSTATION\_LossLess\TRANCE\Labels\Spintwist Records\[SPN1DIGI346] Audiomatic, Durs -Depth of Voice EP (2016)\cover.jpg";"1";"2017-07-27 21:11:32";"Label/Physique";"22D55C813F88C56A94077BF86F14C8B6";"00:06:43";"0";"4367";"1";"NEW";"402,92";"1";"TAG";"1";"2017-07-09 19:33:37";"Spintwist Records";"Labels";"TRANCE";"Spintwist Records";"2016";"1";"\\HOMERSTATION\_LossLess\TRANCE\Labels\Spintwist Records\[SPN1DIGI346] Audiomatic, Durs -Depth of Voice EP (2016)";"FLAC";"SPN1DIGI346";"44";"2017-07-27 21:11:32";"0";"Audiomatic, Durs -Depth of Voice EP ";"0"
"\\HOMERSTATION\_LossLess\TRANCE\Labels\Spintwist Records\[SPN1DIGI359D] Bitmonx - Give Me Some More EP (2017)\cover.jpg";"1";"2017-07-27 21:11:38";"Label/Physique";"C1FFBB913A41F9A872D583275E140609";"00:15:14";"0";"4368";"1";"NEW";"914,453";"2";"TAG";"1";"2017-07-09 19:39:58";"Spintwist Records";"Labels";"TRANCE";"Spintwist Records";"2017";"2";"\\HOMERSTATION\_LossLess\TRANCE\Labels\Spintwist Records\[SPN1DIGI359D] Bitmonx - Give Me Some More EP (2017)";"FLAC";"SPN1DIGI359D";"103";"2017-07-27 21:11:38";"0";"Bitmonx - Give Me Some More EP ";"0"
"\\HOMERSTATION\_LossLess\TRANCE\Labels\Spintwist Records\[SPN1DIGI360D] Bizzare Contact & Ghost Rider - Wonderland (2017)\folder.jpg";"1";"2017-07-27 21:11:42";"Label/Physique";"E8FDD8CDE242CF0300BFC5613BB38FB6";"00:08:00";"0";"4369";"1";"NEW";"480";"1";"TAG";"1";"2017-07-17 22:16:34";"Spintwist Records";"Labels";"TRANCE";"Spintwist Records";"2017";"1";"\\HOMERSTATION\_LossLess\TRANCE\Labels\Spintwist Records\[SPN1DIGI360D] Bizzare Contact & Ghost Rider - Wonderland (2017)";"FLAC";"SPN1DIGI360D";"55";"2017-07-27 21:11:42";"0";"Bizzare Contact & Ghost Rider - Wonderland ";"0"
"\\HOMERSTATION\_LossLess\TRANCE\Labels\Spintwist Records\[SPN1DIGI323] Vok - Waterfall (2016)\folder.jpg";"1";"2017-07-27 21:11:28";"Label/Physique";"645F48FCDB1CDCDF4AA52FEC90276577";"00:08:56";"0";"4366";"1";"NEW";"535,652";"1";"TAG";"1";"2017-07-17 22:16:35";"Spintwist Records";"Labels";"TRANCE";"Spintwist Records";"2016";"1";"\\HOMERSTATION\_LossLess\TRANCE\Labels\Spintwist Records\[SPN1DIGI323] Vok - Waterfall (2016)";"FLAC";"SPN1DIGI323";"56";"2017-07-27 21:11:28";"0";"Vok - Waterfall ";"0"
"\\HOMERSTATION\_LossLess\TRANCE\Labels\Tesseractstudio\[TESD0125] Zyce & Sonic Entity - Tidal (2017)\folder.jpg";"1";"2017-07-27 21:12:10";"Label/Physique";"96A6AD976E5D4059763E61AA70904E72";"00:06:36";"0";"4370";"1";"NEW";"395,912";"1";"TAG";"1";"2017-07-17 22:16:40";"Tesseractstudio";"Labels";"TRANCE";"Tesseractstudio";"2017";"1";"\\HOMERSTATION\_LossLess\TRANCE\Labels\Tesseractstudio\[TESD0125] Zyce & Sonic Entity - Tidal (2017)";"FLAC";"TESD0125";"44";"2017-07-27 21:12:10";"0";"Zyce & Sonic Entity - Tidal ";"0"
"\\HOMERSTATION\_LossLess\TECHNO\Download\Detuned - Connected (2017)\cover.jpg";"1";"2017-07-27 20:50:21";"Download";"F19F8C87A5AA742C083197CA5C6E6F40";"00:54:49";"0";"4285";"1";"UPDATE";"3288,784";"8";"TAG";"1";"2017-07-03 12:40:17";"";"Download";"TECHNO";"Detuned - Connected (2017)";"2017";"8";"\\HOMERSTATION\_LossLess\TECHNO\Download\Detuned - Connected (2017)";"FLAC";"";"332";"2017-07-03 12:39:58";"0";"Detuned - Connected ";"0"
"\\HOMERSTATION\_LossLess\TECHNO\Download\Lazar - The Dark Side Of The Mind (2017)\cover.jpg";"1";"2017-07-27 20:51:10";"Download";"FCE5435A214BD4376994035128145D45";"01:31:55";"0";"4287";"1";"UPDATE";"5514,936";"13";"TAG";"1";"2017-07-03 12:41:10";"";"Download";"TECHNO";"Lazar - The Dark Side Of The Mind (2017)";"2017";"13";"\\HOMERSTATION\_LossLess\TECHNO\Download\Lazar - The Dark Side Of The Mind (2017)";"FLAC";"";"501";"2017-07-03 12:40:51";"0";"Lazar - The Dark Side Of The Mind ";"0"
"\\HOMERSTATION\_LossLess\TECHNO\Download\VA - Michael Mayer & DJ-Kicks (unmixed tracks) [K7] (2017)\cover.jpg";"1";"2017-07-27 20:51:46";"Download";"03CB7AC7C0B73FE0B14967F55415C45F";"03:16:13";"0";"4316";"2";"NEW";"11773,104";"17";"TAG";"1";"2017-07-09 19:47:41";"";"Download";"TECHNO";"VA - Michael Mayer & DJ-Kicks (unmixed tracks) [K7] (2017)";"2017";"17";"\\HOMERSTATION\_LossLess\TECHNO\Download\VA - Michael Mayer & DJ-Kicks (unmixed tracks) [K7] (2017)";"FLAC";"";"1223";"2017-07-27 20:51:46";"0";"VA - Michael Mayer & DJ-Kicks (unmixed tracks) [K7] ";"0"
"\\HOMERSTATION\_LossLess\TECHNO\Labels\Boris Brejcha\Boris Brejcha - Feuerfalter Part 01 (2013)\cover.jpg";"1";"2017-07-27 20:52:47";"Label/Physique";"FDA884FA532894292F8A746FE2EAFAE2";"01:16:56";"1";"4293";"2";"UPDATE";"4616,32";"9";"TAG";"1";"2017-07-01 17:09:28";"Boris Brejcha";"Labels";"TECHNO";"Boris Brejcha";"2013";"9";"\\HOMERSTATION\_LossLess\TECHNO\Labels\Boris Brejcha\Boris Brejcha - Feuerfalter Part 01 (2013)";"FLAC";"";"487";"2017-07-03 12:42:57";"1";"Boris Brejcha - Feuerfalter Part 01 ";"0"
"\\HOMERSTATION\_LossLess\TECHNO\Labels\Kompakt\[KOMPAKT CD 115] Gui Boratto - Abaporu (2014)\cover.jpg";"1";"2017-07-27 20:54:44";"Label/Physique";"AFD505103DBE0767D2244F78ECB195F2";"01:09:14";"0";"4318";"2";"NEW";"4153,547";"13";"TAG";"1";"2017-07-17 22:14:23";"Kompakt";"Labels";"TECHNO";"Kompakt";"2014";"13";"\\HOMERSTATION\_LossLess\TECHNO\Labels\Kompakt\[KOMPAKT CD 115] Gui Boratto - Abaporu (2014)";"FLAC";"KOMPAKT CD 115";"415";"2017-07-27 20:54:44";"1";"Gui Boratto - Abaporu ";"0"
"\\HOMERSTATION\_LossLess\TECHNO\Labels\Kompakt\[KOM081] SCSI-9 - All She Wants Is (2003)\cover.jpg";"1";"2017-07-27 20:54:39";"Label/Physique";"621C583E1CF9C95D48050C29CE5A99F5";"00:19:31";"0";"4317";"1";"NEW";"1171,277";"3";"TAG";"1";"2017-07-27 20:27:15";"Kompakt";"Labels";"TECHNO";"Kompakt";"2003";"3";"\\HOMERSTATION\_LossLess\TECHNO\Labels\Kompakt\[KOM081] SCSI-9 - All She Wants Is (2003)";"FLAC";"KOM081";"110";"2017-07-27 20:54:39";"0";"SCSI-9 - All She Wants Is ";"0"
"\\HOMERSTATION\_LossLess\TECHNO\Labels\SCSI-9\SCSI-9 - Flop Flop [200 026] (2014)\Cover.jpg";"1";"2017-07-27 20:56:45";"Label/Physique";"59CCC681221F03DF135F0229EFBB5CD0";"00:33:18";"0";"4319";"1";"NEW";"1998,146";"4";"TAG";"1";"2017-07-27 20:39:59";"SCSI-9";"Labels";"TECHNO";"SCSI-9";"2014";"4";"\\HOMERSTATION\_LossLess\TECHNO\Labels\SCSI-9\SCSI-9 - Flop Flop [200 026] (2014)";"FLAC";"";"199";"2017-07-27 20:56:45";"0";"SCSI-9 - Flop Flop [200 026] ";"0"
"\\HOMERSTATION\_LossLess\TECHNO\Labels\SCSI-9\SCSI-9 - House Drop (2000)\cover.jpg";"1";"2017-07-27 20:56:49";"Label/Physique";"A8734D5D76AE89787866D05246AE5A8D";"01:02:20";"0";"4320";"1";"NEW";"3740";"10";"CUE";"1";"2017-07-27 20:42:09";"SCSI-9";"Labels";"TECHNO";"SCSI-9";"2000";"1";"\\HOMERSTATION\_LossLess\TECHNO\Labels\SCSI-9\SCSI-9 - House Drop (2000)";"FLAC";"";"285";"2017-07-27 20:56:49";"1";"SCSI-9 - House Drop ";"0"
"\\HOMERSTATION\_LossLess\TECHNO\Labels\SCSI-9\SCSI-9 - Metamorphosis (2012)\cover.jpg";"1";"2017-07-27 20:56:55";"Label/Physique";"119F2039564F836BA8AD84DB4190A75F";"01:11:14";"1";"4321";"1";"NEW";"4274,159";"10";"TAG";"1";"2017-07-27 20:34:50";"SCSI-9";"Labels";"TECHNO";"SCSI-9";"2012";"10";"\\HOMERSTATION\_LossLess\TECHNO\Labels\SCSI-9\SCSI-9 - Metamorphosis (2012)";"FLAC";"";"374";"2017-07-27 20:56:55";"1";"SCSI-9 - Metamorphosis ";"0"
"\\HOMERSTATION\_LossLess\TECHNO\Labels\SCSI-9\SCSI-9 - Smooth Sunset (HWR011) (2011)\Cover.jpg";"1";"2017-07-27 20:57:03";"Label/Physique";"1FDD38BDCB291E682F8850874E1F01ED";"00:29:14";"0";"4322";"1";"NEW";"1754,153";"4";"TAG";"1";"2017-07-27 20:40:23";"SCSI-9";"Labels";"TECHNO";"SCSI-9";"2011";"4";"\\HOMERSTATION\_LossLess\TECHNO\Labels\SCSI-9\SCSI-9 - Smooth Sunset (HWR011) (2011)";"FLAC";"";"166";"2017-07-27 20:57:03";"0";"SCSI-9 - Smooth Sunset (HWR011) ";"0"
"\\HOMERSTATION\_LossLess\TECHNO\Labels\SCSI-9\SCSI-9 - Sunny Side Up [APL004] (2011)\Cover.jpg";"1";"2017-07-27 20:57:08";"Label/Physique";"C3320446F093D8A2073C800156467B20";"00:27:39";"0";"4323";"1";"NEW";"1658,55";"4";"TAG";"1";"2017-07-27 20:42:26";"SCSI-9";"Labels";"TECHNO";"SCSI-9";"2011";"4";"\\HOMERSTATION\_LossLess\TECHNO\Labels\SCSI-9\SCSI-9 - Sunny Side Up [APL004] (2011)";"FLAC";"";"155";"2017-07-27 20:57:08";"0";"SCSI-9 - Sunny Side Up [APL004] ";"0"
