"TAG_Duration";"FIL_Track";"TAG_length";"TAG_Exten";"ODR_Track";"TAG_Albumartists";"Position1";"TAG_Year";"TAG_Artists";"TAG_Genres";"REP_Album";"Position2";"TAG_Album";"Category";"TAG_Disc";"TAG_Track";"TAG_Title";"ID_CD";"REP_Track";"Date_Insert";"Statut";"ID_TRACK";"Family"
"392,333";"01. G.M.S. - Arabian Knights On Mescaline.flac";"00:06:32";"Flac Audio";"1-01";"G.M.S. vs. Systembusters";"Download";"2000";"G.M.S.";"Goa Trance/Psy-Trance";"\\HOMERSTATION\_LossLess\TRANCE\Download\_2000_2004\GMS vs. Systembusters - GMS vs. Systembusters (2000)";"_2000_2004";"G.M.S. vs. Systembusters";"TRANCE";"1";"01";"Arabian Knights On Mescaline";"3977";"\\HOMERSTATION\_LossLess\TRANCE\Download\_2000_2004\GMS vs. Systembusters - GMS vs. Systembusters (2000)";"2017-03-07 12:50:03";"NEW";"54250";"Download"
"448,733";"02. G.M.S. - Snorkel Blaster Rmx.flac";"00:07:29";"Flac Audio";"1-02";"G.M.S. vs. Systembusters";"Download";"2000";"G.M.S.";"Goa Trance/Psy-Trance";"\\HOMERSTATION\_LossLess\TRANCE\Download\_2000_2004\GMS vs. Systembusters - GMS vs. Systembusters (2000)";"_2000_2004";"G.M.S. vs. Systembusters";"TRANCE";"1";"02";"Snorkel Blaster Rmx";"3977";"\\HOMERSTATION\_LossLess\TRANCE\Download\_2000_2004\GMS vs. Systembusters - GMS vs. Systembusters (2000)";"2017-03-07 12:50:04";"NEW";"54251";"Download"
"415,773";"03. G.M.S. - Bugslife.flac";"00:06:56";"Flac Audio";"1-03";"G.M.S. vs. Systembusters";"Download";"2000";"G.M.S.";"Goa Trance/Psy-Trance";"\\HOMERSTATION\_LossLess\TRANCE\Download\_2000_2004\GMS vs. Systembusters - GMS vs. Systembusters (2000)";"_2000_2004";"G.M.S. vs. Systembusters";"TRANCE";"1";"03";"Bugslife";"3977";"\\HOMERSTATION\_LossLess\TRANCE\Download\_2000_2004\GMS vs. Systembusters - GMS vs. Systembusters (2000)";"2017-03-07 12:50:04";"NEW";"54252";"Download"
"433,6";"04. Systembusters - Square Wave.flac";"00:07:14";"Flac Audio";"1-04";"G.M.S. vs. Systembusters";"Download";"2000";"Systembusters";"Goa Trance/Psy-Trance";"\\HOMERSTATION\_LossLess\TRANCE\Download\_2000_2004\GMS vs. Systembusters - GMS vs. Systembusters (2000)";"_2000_2004";"G.M.S. vs. Systembusters";"TRANCE";"1";"04";"Square Wave";"3977";"\\HOMERSTATION\_LossLess\TRANCE\Download\_2000_2004\GMS vs. Systembusters - GMS vs. Systembusters (2000)";"2017-03-07 12:50:04";"NEW";"54253";"Download"
"479,827";"05. Systembusters - Boiled Gravy.flac";"00:08:00";"Flac Audio";"1-05";"G.M.S. vs. Systembusters";"Download";"2000";"Systembusters";"Goa Trance/Psy-Trance";"\\HOMERSTATION\_LossLess\TRANCE\Download\_2000_2004\GMS vs. Systembusters - GMS vs. Systembusters (2000)";"_2000_2004";"G.M.S. vs. Systembusters";"TRANCE";"1";"05";"Boiled Gravy";"3977";"\\HOMERSTATION\_LossLess\TRANCE\Download\_2000_2004\GMS vs. Systembusters - GMS vs. Systembusters (2000)";"2017-03-07 12:50:04";"NEW";"54254";"Download"
"444,067";"06. G.M.S. - Lumberjack Rmx.flac";"00:07:24";"Flac Audio";"1-06";"G.M.S. vs. Systembusters";"Download";"2000";"G.M.S.";"Goa Trance/Psy-Trance";"\\HOMERSTATION\_LossLess\TRANCE\Download\_2000_2004\GMS vs. Systembusters - GMS vs. Systembusters (2000)";"_2000_2004";"G.M.S. vs. Systembusters";"TRANCE";"1";"06";"Lumberjack Rmx";"3977";"\\HOMERSTATION\_LossLess\TRANCE\Download\_2000_2004\GMS vs. Systembusters - GMS vs. Systembusters (2000)";"2017-03-07 12:50:04";"NEW";"54255";"Download"
"492,4";"07. G.M.S. - Slingshot.flac";"00:08:12";"Flac Audio";"1-07";"G.M.S. vs. Systembusters";"Download";"2000";"G.M.S.";"Goa Trance/Psy-Trance";"\\HOMERSTATION\_LossLess\TRANCE\Download\_2000_2004\GMS vs. Systembusters - GMS vs. Systembusters (2000)";"_2000_2004";"G.M.S. vs. Systembusters";"TRANCE";"1";"07";"Slingshot";"3977";"\\HOMERSTATION\_LossLess\TRANCE\Download\_2000_2004\GMS vs. Systembusters - GMS vs. Systembusters (2000)";"2017-03-07 12:50:04";"NEW";"54256";"Download"
"414,04";"08. Systembusters - Starwars.flac";"00:06:54";"Flac Audio";"1-08";"G.M.S. vs. Systembusters";"Download";"2000";"Systembusters";"Goa Trance/Psy-Trance";"\\HOMERSTATION\_LossLess\TRANCE\Download\_2000_2004\GMS vs. Systembusters - GMS vs. Systembusters (2000)";"_2000_2004";"G.M.S. vs. Systembusters";"TRANCE";"1";"08";"Starwars";"3977";"\\HOMERSTATION\_LossLess\TRANCE\Download\_2000_2004\GMS vs. Systembusters - GMS vs. Systembusters (2000)";"2017-03-07 12:50:04";"NEW";"54257";"Download"
"391,293";"09. Systembusters - Digital Self.flac";"00:06:31";"Flac Audio";"1-09";"G.M.S. vs. Systembusters";"Download";"2000";"Systembusters";"Goa Trance/Psy-Trance";"\\HOMERSTATION\_LossLess\TRANCE\Download\_2000_2004\GMS vs. Systembusters - GMS vs. Systembusters (2000)";"_2000_2004";"G.M.S. vs. Systembusters";"TRANCE";"1";"09";"Digital Self";"3977";"\\HOMERSTATION\_LossLess\TRANCE\Download\_2000_2004\GMS vs. Systembusters - GMS vs. Systembusters (2000)";"2017-03-07 12:50:04";"NEW";"54258";"Download"
"491,573";"10. G.M.S. - Joke's On You.flac";"00:08:12";"Flac Audio";"1-10";"G.M.S. vs. Systembusters";"Download";"2000";"G.M.S.";"Goa Trance/Psy-Trance";"\\HOMERSTATION\_LossLess\TRANCE\Download\_2000_2004\GMS vs. Systembusters - GMS vs. Systembusters (2000)";"_2000_2004";"G.M.S. vs. Systembusters";"TRANCE";"1";"10";"Joke's On You";"3977";"\\HOMERSTATION\_LossLess\TRANCE\Download\_2000_2004\GMS vs. Systembusters - GMS vs. Systembusters (2000)";"2017-03-07 12:50:04";"NEW";"54259";"Download"
"525,747";"01 - Miraculix - The Chosen One.flac";"00:08:46";"Flac Audio";"1-01";"Miraculix";"Download";"2004";"Miraculix";"Psy-Trance/Goa Trance";"\\HOMERSTATION\_LossLess\TRANCE\Download\_2000_2004\Miraculix - The Arrival (2004)";"_2000_2004";"The Arrival";"TRANCE";"1";"01";"The Chosen One";"3989";"\\HOMERSTATION\_LossLess\TRANCE\Download\_2000_2004\Miraculix - The Arrival (2004)";"2017-03-07 12:50:18";"NEW";"54260";"Download"
"630,12";"02 - Miraculix - Scary Things.flac";"00:10:30";"Flac Audio";"1-02";"Miraculix";"Download";"2004";"Miraculix";"Psy-Trance/Goa Trance";"\\HOMERSTATION\_LossLess\TRANCE\Download\_2000_2004\Miraculix - The Arrival (2004)";"_2000_2004";"The Arrival";"TRANCE";"1";"02";"Scary Things";"3989";"\\HOMERSTATION\_LossLess\TRANCE\Download\_2000_2004\Miraculix - The Arrival (2004)";"2017-03-07 12:50:18";"NEW";"54261";"Download"
"582,413";"03 - Miraculix - Hold Them Back.flac";"00:09:42";"Flac Audio";"1-03";"Miraculix";"Download";"2004";"Miraculix";"Psy-Trance/Goa Trance";"\\HOMERSTATION\_LossLess\TRANCE\Download\_2000_2004\Miraculix - The Arrival (2004)";"_2000_2004";"The Arrival";"TRANCE";"1";"03";"Hold Them Back";"3989";"\\HOMERSTATION\_LossLess\TRANCE\Download\_2000_2004\Miraculix - The Arrival (2004)";"2017-03-07 12:50:18";"NEW";"54262";"Download"
"481,04";"04 - Miraculix - Blow It Up.flac";"00:08:01";"Flac Audio";"1-04";"Miraculix";"Download";"2004";"Miraculix";"Psy-Trance/Goa Trance";"\\HOMERSTATION\_LossLess\TRANCE\Download\_2000_2004\Miraculix - The Arrival (2004)";"_2000_2004";"The Arrival";"TRANCE";"1";"04";"Blow It Up";"3989";"\\HOMERSTATION\_LossLess\TRANCE\Download\_2000_2004\Miraculix - The Arrival (2004)";"2017-03-07 12:50:18";"NEW";"54263";"Download"
"421,733";"05 - Miraculix - Eclipse.flac";"00:07:02";"Flac Audio";"1-05";"Miraculix";"Download";"2004";"Miraculix";"Psy-Trance/Goa Trance";"\\HOMERSTATION\_LossLess\TRANCE\Download\_2000_2004\Miraculix - The Arrival (2004)";"_2000_2004";"The Arrival";"TRANCE";"1";"05";"Eclipse";"3989";"\\HOMERSTATION\_LossLess\TRANCE\Download\_2000_2004\Miraculix - The Arrival (2004)";"2017-03-07 12:50:19";"NEW";"54264";"Download"
"553,027";"06 - Miraculix - Defend The Base.flac";"00:09:13";"Flac Audio";"1-06";"Miraculix";"Download";"2004";"Miraculix";"Psy-Trance/Goa Trance";"\\HOMERSTATION\_LossLess\TRANCE\Download\_2000_2004\Miraculix - The Arrival (2004)";"_2000_2004";"The Arrival";"TRANCE";"1";"06";"Defend The Base";"3989";"\\HOMERSTATION\_LossLess\TRANCE\Download\_2000_2004\Miraculix - The Arrival (2004)";"2017-03-07 12:50:19";"NEW";"54265";"Download"
"490,2";"07 - Miraculix - Search And Destroy.flac";"00:08:10";"Flac Audio";"1-07";"Miraculix";"Download";"2004";"Miraculix";"Psy-Trance/Goa Trance";"\\HOMERSTATION\_LossLess\TRANCE\Download\_2000_2004\Miraculix - The Arrival (2004)";"_2000_2004";"The Arrival";"TRANCE";"1";"07";"Search And Destroy";"3989";"\\HOMERSTATION\_LossLess\TRANCE\Download\_2000_2004\Miraculix - The Arrival (2004)";"2017-03-07 12:50:19";"NEW";"54266";"Download"
"516,4";"08 - Miraculix - Diablo.flac";"00:08:36";"Flac Audio";"1-08";"Miraculix";"Download";"2004";"Miraculix";"Psy-Trance/Goa Trance";"\\HOMERSTATION\_LossLess\TRANCE\Download\_2000_2004\Miraculix - The Arrival (2004)";"_2000_2004";"The Arrival";"TRANCE";"1";"08";"Diablo";"3989";"\\HOMERSTATION\_LossLess\TRANCE\Download\_2000_2004\Miraculix - The Arrival (2004)";"2017-03-07 12:50:19";"NEW";"54267";"Download"
"467,4";"09 - Miraculix - They Have Arrived.flac";"00:07:47";"Flac Audio";"1-09";"Miraculix";"Download";"2004";"Miraculix";"Psy-Trance/Goa Trance";"\\HOMERSTATION\_LossLess\TRANCE\Download\_2000_2004\Miraculix - The Arrival (2004)";"_2000_2004";"The Arrival";"TRANCE";"1";"09";"They Have Arrived";"3989";"\\HOMERSTATION\_LossLess\TRANCE\Download\_2000_2004\Miraculix - The Arrival (2004)";"2017-03-07 12:50:19";"NEW";"54268";"Download"
"467,88";"01. Mind Spin – Flow (Atom Device Remix).flac";"00:07:48";"Flac Audio";"1-01";"Chris Pilee";"Download";"2014";"Mind Spin";"Psy-Trance/Progressive Trance";"\\HOMERSTATION\_LossLess\TRANCE\Download\_2010_2014\VA - Special Blend Vol. 2 [Movement Dark Roasted] (2014)";"_2010_2014";"Special Blend Vol.2";"TRANCE";"1";"01";"Flow (Atom Device Remix)";"3990";"\\HOMERSTATION\_LossLess\TRANCE\Download\_2010_2014\VA - Special Blend Vol. 2 [Movement Dark Roasted] (2014)";"2017-03-07 12:52:07";"NEW";"54269";"Download"
"510,227";"02. Middle Mode – Psychedelic Era.flac";"00:08:30";"Flac Audio";"1-02";"Chris Pilee";"Download";"2014";"Middle Mode";"Psy-Trance/Progressive Trance";"\\HOMERSTATION\_LossLess\TRANCE\Download\_2010_2014\VA - Special Blend Vol. 2 [Movement Dark Roasted] (2014)";"_2010_2014";"Special Blend Vol.2";"TRANCE";"1";"02";"Psychedelic Era";"3990";"\\HOMERSTATION\_LossLess\TRANCE\Download\_2010_2014\VA - Special Blend Vol. 2 [Movement Dark Roasted] (2014)";"2017-03-07 12:52:07";"NEW";"54270";"Download"
"477,493";"03. Fasma – Take Off.flac";"00:07:57";"Flac Audio";"1-03";"Chris Pilee";"Download";"2014";"Fasma";"Psy-Trance/Progressive Trance";"\\HOMERSTATION\_LossLess\TRANCE\Download\_2010_2014\VA - Special Blend Vol. 2 [Movement Dark Roasted] (2014)";"_2010_2014";"Special Blend Vol.2";"TRANCE";"1";"03";"Take Off";"3990";"\\HOMERSTATION\_LossLess\TRANCE\Download\_2010_2014\VA - Special Blend Vol. 2 [Movement Dark Roasted] (2014)";"2017-03-07 12:52:07";"NEW";"54271";"Download"
"532";"04. D-Twin – Light Waves.flac";"00:08:52";"Flac Audio";"1-04";"Chris Pilee";"Download";"2014";"D-Twin";"Psy-Trance/Progressive Trance";"\\HOMERSTATION\_LossLess\TRANCE\Download\_2010_2014\VA - Special Blend Vol. 2 [Movement Dark Roasted] (2014)";"_2010_2014";"Special Blend Vol.2";"TRANCE";"1";"04";"Light Waves";"3990";"\\HOMERSTATION\_LossLess\TRANCE\Download\_2010_2014\VA - Special Blend Vol. 2 [Movement Dark Roasted] (2014)";"2017-03-07 12:52:07";"NEW";"54272";"Download"
"438,747";"05. Zyce – Non Technique.flac";"00:07:19";"Flac Audio";"1-05";"Chris Pilee";"Download";"2014";"Zyce";"Psy-Trance/Progressive Trance";"\\HOMERSTATION\_LossLess\TRANCE\Download\_2010_2014\VA - Special Blend Vol. 2 [Movement Dark Roasted] (2014)";"_2010_2014";"Special Blend Vol.2";"TRANCE";"1";"05";"Non Technique";"3990";"\\HOMERSTATION\_LossLess\TRANCE\Download\_2010_2014\VA - Special Blend Vol. 2 [Movement Dark Roasted] (2014)";"2017-03-07 12:52:07";"NEW";"54273";"Download"
"464,6";"06. Lupin & Waveform – Believe in Your Mind.flac";"00:07:45";"Flac Audio";"1-06";"Chris Pilee";"Download";"2014";"Lupin (4) & Waveform";"Psy-Trance/Progressive Trance";"\\HOMERSTATION\_LossLess\TRANCE\Download\_2010_2014\VA - Special Blend Vol. 2 [Movement Dark Roasted] (2014)";"_2010_2014";"Special Blend Vol.2";"TRANCE";"1";"06";"Believe In Your Mind";"3990";"\\HOMERSTATION\_LossLess\TRANCE\Download\_2010_2014\VA - Special Blend Vol. 2 [Movement Dark Roasted] (2014)";"2017-03-07 12:52:07";"NEW";"54274";"Download"
"492,587";"07. Entropia – Music vibrations.flac";"00:08:13";"Flac Audio";"1-07";"Chris Pilee";"Download";"2014";"Entropia";"Psy-Trance/Progressive Trance";"\\HOMERSTATION\_LossLess\TRANCE\Download\_2010_2014\VA - Special Blend Vol. 2 [Movement Dark Roasted] (2014)";"_2010_2014";"Special Blend Vol.2";"TRANCE";"1";"07";"Music Vibrations";"3990";"\\HOMERSTATION\_LossLess\TRANCE\Download\_2010_2014\VA - Special Blend Vol. 2 [Movement Dark Roasted] (2014)";"2017-03-07 12:52:07";"NEW";"54275";"Download"
"502";"08. Sun – Sweet Madness.flac";"00:08:22";"Flac Audio";"1-08";"Chris Pilee";"Download";"2014";"Sun";"Psy-Trance/Progressive Trance";"\\HOMERSTATION\_LossLess\TRANCE\Download\_2010_2014\VA - Special Blend Vol. 2 [Movement Dark Roasted] (2014)";"_2010_2014";"Special Blend Vol.2";"TRANCE";"1";"08";"Sweet Madness";"3990";"\\HOMERSTATION\_LossLess\TRANCE\Download\_2010_2014\VA - Special Blend Vol. 2 [Movement Dark Roasted] (2014)";"2017-03-07 12:52:07";"NEW";"54276";"Download"
"402,747";"09. Tron & Simon Baring – Queassadillan Sundance.flac";"00:06:43";"Flac Audio";"1-09";"Chris Pilee";"Download";"2014";"Tron (3) & Simon Baring";"Psy-Trance/Progressive Trance";"\\HOMERSTATION\_LossLess\TRANCE\Download\_2010_2014\VA - Special Blend Vol. 2 [Movement Dark Roasted] (2014)";"_2010_2014";"Special Blend Vol.2";"TRANCE";"1";"09";"Quessadillan Sundance";"3990";"\\HOMERSTATION\_LossLess\TRANCE\Download\_2010_2014\VA - Special Blend Vol. 2 [Movement Dark Roasted] (2014)";"2017-03-07 12:52:07";"NEW";"54277";"Download"
"554,075";"01 - Braincell - Universal Mind.flac";"00:09:14";"Flac Audio";"01";"Braincell";"Download";"2017";"Braincell";"";"\\HOMERSTATION\_LossLess\TRANCE\Download\_2015_2019\Braincell - Connecting Multiverses (2017)";"_2015_2019";"Connecting Multiverses";"TRANCE";"0";"01";"Universal Mind";"3991";"\\HOMERSTATION\_LossLess\TRANCE\Download\_2015_2019\Braincell - Connecting Multiverses (2017)";"2017-03-07 12:52:20";"NEW";"54278";"Download"
"508,888";"02 - Braincell - Bitcritters.flac";"00:08:29";"Flac Audio";"02";"Braincell";"Download";"2017";"Braincell";"";"\\HOMERSTATION\_LossLess\TRANCE\Download\_2015_2019\Braincell - Connecting Multiverses (2017)";"_2015_2019";"Connecting Multiverses";"TRANCE";"0";"02";"Bitcritters";"3991";"\\HOMERSTATION\_LossLess\TRANCE\Download\_2015_2019\Braincell - Connecting Multiverses (2017)";"2017-03-07 12:52:20";"NEW";"54279";"Download"
"426,749";"03 - Braincell - Out of the Matrix.flac";"00:07:07";"Flac Audio";"03";"Braincell";"Download";"2017";"Braincell";"";"\\HOMERSTATION\_LossLess\TRANCE\Download\_2015_2019\Braincell - Connecting Multiverses (2017)";"_2015_2019";"Connecting Multiverses";"TRANCE";"0";"03";"Out of the Matrix";"3991";"\\HOMERSTATION\_LossLess\TRANCE\Download\_2015_2019\Braincell - Connecting Multiverses (2017)";"2017-03-07 12:52:20";"NEW";"54280";"Download"
"449,817";"04 - Braincell - Crazy Peanuts.flac";"00:07:30";"Flac Audio";"04";"Braincell";"Download";"2017";"Braincell";"";"\\HOMERSTATION\_LossLess\TRANCE\Download\_2015_2019\Braincell - Connecting Multiverses (2017)";"_2015_2019";"Connecting Multiverses";"TRANCE";"0";"04";"Crazy Peanuts";"3991";"\\HOMERSTATION\_LossLess\TRANCE\Download\_2015_2019\Braincell - Connecting Multiverses (2017)";"2017-03-07 12:52:21";"NEW";"54281";"Download"
"537,124";"05 - Braincell - Moonstone.flac";"00:08:57";"Flac Audio";"05";"Braincell";"Download";"2017";"Braincell";"";"\\HOMERSTATION\_LossLess\TRANCE\Download\_2015_2019\Braincell - Connecting Multiverses (2017)";"_2015_2019";"Connecting Multiverses";"TRANCE";"0";"05";"Moonstone";"3991";"\\HOMERSTATION\_LossLess\TRANCE\Download\_2015_2019\Braincell - Connecting Multiverses (2017)";"2017-03-07 12:52:21";"NEW";"54282";"Download"
"467,325";"06 - Braincell - Modular Multiverses.flac";"00:07:47";"Flac Audio";"06";"Braincell";"Download";"2017";"Braincell";"";"\\HOMERSTATION\_LossLess\TRANCE\Download\_2015_2019\Braincell - Connecting Multiverses (2017)";"_2015_2019";"Connecting Multiverses";"TRANCE";"0";"06";"Modular Multiverses";"3991";"\\HOMERSTATION\_LossLess\TRANCE\Download\_2015_2019\Braincell - Connecting Multiverses (2017)";"2017-03-07 12:52:21";"NEW";"54283";"Download"
"454,507";"07 - Braincell - Flip Flop.flac";"00:07:35";"Flac Audio";"07";"Braincell";"Download";"2017";"Braincell";"";"\\HOMERSTATION\_LossLess\TRANCE\Download\_2015_2019\Braincell - Connecting Multiverses (2017)";"_2015_2019";"Connecting Multiverses";"TRANCE";"0";"07";"Flip Flop";"3991";"\\HOMERSTATION\_LossLess\TRANCE\Download\_2015_2019\Braincell - Connecting Multiverses (2017)";"2017-03-07 12:52:21";"NEW";"54284";"Download"
"430,777";"08 - Braincell - Ways of Expression.flac";"00:07:11";"Flac Audio";"08";"Braincell";"Download";"2017";"Braincell";"";"\\HOMERSTATION\_LossLess\TRANCE\Download\_2015_2019\Braincell - Connecting Multiverses (2017)";"_2015_2019";"Connecting Multiverses";"TRANCE";"0";"08";"Ways of Expression";"3991";"\\HOMERSTATION\_LossLess\TRANCE\Download\_2015_2019\Braincell - Connecting Multiverses (2017)";"2017-03-07 12:52:21";"NEW";"54285";"Download"
"367,154";"09 - Braincell - Luanatic.flac";"00:06:07";"Flac Audio";"09";"Braincell";"Download";"2017";"Braincell";"";"\\HOMERSTATION\_LossLess\TRANCE\Download\_2015_2019\Braincell - Connecting Multiverses (2017)";"_2015_2019";"Connecting Multiverses";"TRANCE";"0";"09";"Luanatic";"3991";"\\HOMERSTATION\_LossLess\TRANCE\Download\_2015_2019\Braincell - Connecting Multiverses (2017)";"2017-03-07 12:52:21";"NEW";"54286";"Download"
"473,36";"01. Metronome – The Manifested.flac";"00:07:53";"Flac Audio";"01";"";"Labels";"2016";"Metronome";"Progressive";"\\HOMERSTATION\_LossLess\TRANCE\Labels\Blue Tunes Records\[BTRDR318] Metronome - Evolve EP (2016)";"Blue Tunes Records";"Evolve EP";"TRANCE";"0";"01";"The Manifested";"3992";"\\HOMERSTATION\_LossLess\TRANCE\Labels\Blue Tunes Records\[BTRDR318] Metronome - Evolve EP (2016)";"2017-03-07 12:54:46";"NEW";"54287";"Label/Physique"
"472,013";"02. Metronome – Memory Trace.flac";"00:07:52";"Flac Audio";"02";"";"Labels";"2016";"Metronome";"Progressive";"\\HOMERSTATION\_LossLess\TRANCE\Labels\Blue Tunes Records\[BTRDR318] Metronome - Evolve EP (2016)";"Blue Tunes Records";"Evolve EP";"TRANCE";"0";"02";"Memory Trace";"3992";"\\HOMERSTATION\_LossLess\TRANCE\Labels\Blue Tunes Records\[BTRDR318] Metronome - Evolve EP (2016)";"2017-03-07 12:54:46";"NEW";"54288";"Label/Physique"
"469,267";"01. Perfect Stranger feat. Dj Pena – ode ao sol (Liquid Soul rmx).flac";"00:07:49";"Flac Audio";"2-01";"Liquid Soul";"Labels";"2012";"Perfect Stranger Feat. DJ Pena";"Progressive Trance";"\\HOMERSTATION\_LossLess\TRANCE\Labels\Iboga Records\[IBOGACD79] VA - Groove Attack 2CD (2012)";"Iboga Records";"Groove Attack";"TRANCE";"2";"01";"Ode Ao Sol (Liquid Soul Remix)";"1825";"\\HOMERSTATION\_LossLess\TRANCE\Labels\Iboga Records\[IBOGACD79] VA - Groove Attack 2CD (2012)\CD2";"2017-03-07 12:56:04";"NEW";"54289";"Label/Physique"
"485,747";"01. Sinister Silence – Still Around.flac";"00:08:06";"Flac Audio";"1-01";"Liquid Soul";"Labels";"2012";"Sinister Silence Feat. Camille Jones";"Progressive Trance";"\\HOMERSTATION\_LossLess\TRANCE\Labels\Iboga Records\[IBOGACD79] VA - Groove Attack 2CD (2012)";"Iboga Records";"Groove Attack";"TRANCE";"1";"01";"Someday (Still Around Mix)";"1825";"\\HOMERSTATION\_LossLess\TRANCE\Labels\Iboga Records\[IBOGACD79] VA - Groove Attack 2CD (2012)\CD1";"2017-03-07 12:56:05";"NEW";"54290";"Label/Physique"
"578";"02. Liquid Soul & Electric Universe – Liquid Universe.flac";"00:09:38";"Flac Audio";"1-02";"Liquid Soul";"Labels";"2012";"Liquid Soul (3) & Electric Universe";"Progressive Trance";"\\HOMERSTATION\_LossLess\TRANCE\Labels\Iboga Records\[IBOGACD79] VA - Groove Attack 2CD (2012)";"Iboga Records";"Groove Attack";"TRANCE";"1";"02";"Liquid Universe";"1825";"\\HOMERSTATION\_LossLess\TRANCE\Labels\Iboga Records\[IBOGACD79] VA - Groove Attack 2CD (2012)\CD1";"2017-03-07 12:56:05";"NEW";"54291";"Label/Physique"
"504";"02. Loud – Dustortion.flac";"00:08:24";"Flac Audio";"2-02";"Liquid Soul";"Labels";"2012";"Loud";"Progressive Trance";"\\HOMERSTATION\_LossLess\TRANCE\Labels\Iboga Records\[IBOGACD79] VA - Groove Attack 2CD (2012)";"Iboga Records";"Groove Attack";"TRANCE";"2";"02";"Distortion";"1825";"\\HOMERSTATION\_LossLess\TRANCE\Labels\Iboga Records\[IBOGACD79] VA - Groove Attack 2CD (2012)\CD2";"2017-03-07 12:56:05";"NEW";"54292";"Label/Physique"
"399";"03. Major7 – Obssesion.flac";"00:06:39";"Flac Audio";"1-03";"Liquid Soul";"Labels";"2012";"Major7";"Progressive Trance";"\\HOMERSTATION\_LossLess\TRANCE\Labels\Iboga Records\[IBOGACD79] VA - Groove Attack 2CD (2012)";"Iboga Records";"Groove Attack";"TRANCE";"1";"03";"Obsession";"1825";"\\HOMERSTATION\_LossLess\TRANCE\Labels\Iboga Records\[IBOGACD79] VA - Groove Attack 2CD (2012)\CD1";"2017-03-07 12:56:05";"NEW";"54293";"Label/Physique"
"442,88";"03. Symbolic & Sphera – One Step Closer.flac";"00:07:23";"Flac Audio";"2-03";"Liquid Soul";"Labels";"2012";"Symbolic (3) & Sphera";"Progressive Trance";"\\HOMERSTATION\_LossLess\TRANCE\Labels\Iboga Records\[IBOGACD79] VA - Groove Attack 2CD (2012)";"Iboga Records";"Groove Attack";"TRANCE";"2";"03";"One Step Closer";"1825";"\\HOMERSTATION\_LossLess\TRANCE\Labels\Iboga Records\[IBOGACD79] VA - Groove Attack 2CD (2012)\CD2";"2017-03-07 12:56:05";"NEW";"54294";"Label/Physique"
"453,973";"04. Zyce – Dreaming.flac";"00:07:34";"Flac Audio";"1-04";"Liquid Soul";"Labels";"2012";"Zyce";"Progressive Trance";"\\HOMERSTATION\_LossLess\TRANCE\Labels\Iboga Records\[IBOGACD79] VA - Groove Attack 2CD (2012)";"Iboga Records";"Groove Attack";"TRANCE";"1";"04";"Dreaming";"1825";"\\HOMERSTATION\_LossLess\TRANCE\Labels\Iboga Records\[IBOGACD79] VA - Groove Attack 2CD (2012)\CD1";"2017-03-07 12:56:05";"NEW";"54295";"Label/Physique"
"478,133";"04. Zyce & Nerso – Unimation.flac";"00:07:58";"Flac Audio";"2-04";"Liquid Soul";"Labels";"2012";"Zyce & Nerso";"Progressive Trance";"\\HOMERSTATION\_LossLess\TRANCE\Labels\Iboga Records\[IBOGACD79] VA - Groove Attack 2CD (2012)";"Iboga Records";"Groove Attack";"TRANCE";"2";"04";"Unimation";"1825";"\\HOMERSTATION\_LossLess\TRANCE\Labels\Iboga Records\[IBOGACD79] VA - Groove Attack 2CD (2012)\CD2";"2017-03-07 12:56:05";"NEW";"54296";"Label/Physique"
"532";"05. Earsugar – bonfire (Ritmo rmx).flac";"00:08:52";"Flac Audio";"2-05";"Liquid Soul";"Labels";"2012";"Earsugar";"Progressive Trance";"\\HOMERSTATION\_LossLess\TRANCE\Labels\Iboga Records\[IBOGACD79] VA - Groove Attack 2CD (2012)";"Iboga Records";"Groove Attack";"TRANCE";"2";"05";"Bonfire (Ritmo Remix)";"1825";"\\HOMERSTATION\_LossLess\TRANCE\Labels\Iboga Records\[IBOGACD79] VA - Groove Attack 2CD (2012)\CD2";"2017-03-07 12:56:05";"NEW";"54297";"Label/Physique"
"513,76";"05. Liquid Soul & Symbolic – Different Reality.flac";"00:08:34";"Flac Audio";"1-05";"Liquid Soul";"Labels";"2012";"Liquid Soul (3) & Symbolic";"Progressive Trance";"\\HOMERSTATION\_LossLess\TRANCE\Labels\Iboga Records\[IBOGACD79] VA - Groove Attack 2CD (2012)";"Iboga Records";"Groove Attack";"TRANCE";"1";"05";"Different Reality";"1825";"\\HOMERSTATION\_LossLess\TRANCE\Labels\Iboga Records\[IBOGACD79] VA - Groove Attack 2CD (2012)\CD1";"2017-03-07 12:56:05";"NEW";"54298";"Label/Physique"
"433";"06. C & W – reincarnation (Jean Borelli rmx).flac";"00:07:13";"Flac Audio";"2-06";"Liquid Soul";"Labels";"2012";"C & W";"Progressive Trance";"\\HOMERSTATION\_LossLess\TRANCE\Labels\Iboga Records\[IBOGACD79] VA - Groove Attack 2CD (2012)";"Iboga Records";"Groove Attack";"TRANCE";"2";"06";"Reincarnation (Jean Borelli Remake)";"1825";"\\HOMERSTATION\_LossLess\TRANCE\Labels\Iboga Records\[IBOGACD79] VA - Groove Attack 2CD (2012)\CD2";"2017-03-07 12:56:05";"NEW";"54299";"Label/Physique"
"439,613";"06. Timelock – 99 Calibre.flac";"00:07:20";"Flac Audio";"1-06";"Liquid Soul";"Labels";"2012";"Timelock";"Progressive Trance";"\\HOMERSTATION\_LossLess\TRANCE\Labels\Iboga Records\[IBOGACD79] VA - Groove Attack 2CD (2012)";"Iboga Records";"Groove Attack";"TRANCE";"1";"06";"99 Calibre";"1825";"\\HOMERSTATION\_LossLess\TRANCE\Labels\Iboga Records\[IBOGACD79] VA - Groove Attack 2CD (2012)\CD1";"2017-03-07 12:56:05";"NEW";"54300";"Label/Physique"
"555,12";"07. High & Mighty – Jellyhead.flac";"00:09:15";"Flac Audio";"2-07";"Liquid Soul";"Labels";"2012";"High & Mighty";"Progressive Trance";"\\HOMERSTATION\_LossLess\TRANCE\Labels\Iboga Records\[IBOGACD79] VA - Groove Attack 2CD (2012)";"Iboga Records";"Groove Attack";"TRANCE";"2";"07";"Jellyhead";"1825";"\\HOMERSTATION\_LossLess\TRANCE\Labels\Iboga Records\[IBOGACD79] VA - Groove Attack 2CD (2012)\CD2";"2017-03-07 12:56:05";"NEW";"54301";"Label/Physique"
"523,8";"07. Sonic Species – machnina terra (E-Clip rmx).flac";"00:08:44";"Flac Audio";"1-07";"Liquid Soul";"Labels";"2012";"Sonic Species";"Progressive Trance";"\\HOMERSTATION\_LossLess\TRANCE\Labels\Iboga Records\[IBOGACD79] VA - Groove Attack 2CD (2012)";"Iboga Records";"Groove Attack";"TRANCE";"1";"07";"Machina Terra (E-Clip Remix)";"1825";"\\HOMERSTATION\_LossLess\TRANCE\Labels\Iboga Records\[IBOGACD79] VA - Groove Attack 2CD (2012)\CD1";"2017-03-07 12:56:05";"NEW";"54302";"Label/Physique"
"522,36";"08. D. Addiction – WTF.flac";"00:08:42";"Flac Audio";"1-08";"Liquid Soul";"Labels";"2012";"D-Addiction";"Progressive Trance";"\\HOMERSTATION\_LossLess\TRANCE\Labels\Iboga Records\[IBOGACD79] VA - Groove Attack 2CD (2012)";"Iboga Records";"Groove Attack";"TRANCE";"1";"08";"WTF";"1825";"\\HOMERSTATION\_LossLess\TRANCE\Labels\Iboga Records\[IBOGACD79] VA - Groove Attack 2CD (2012)\CD1";"2017-03-07 12:56:05";"NEW";"54303";"Label/Physique"
"476,453";"08. Liquid Soul – Love Stereo Vs. Pressure Point (Jerome Isma-Ae Mash Up).flac";"00:07:56";"Flac Audio";"2-08";"Liquid Soul";"Labels";"2012";"Liquid Soul";"Progressive Trance";"\\HOMERSTATION\_LossLess\TRANCE\Labels\Iboga Records\[IBOGACD79] VA - Groove Attack 2CD (2012)";"Iboga Records";"Groove Attack";"TRANCE";"2";"08";"Love Stereo VS Pressure Point (Jerome Isma-Ae Mashup)";"1825";"\\HOMERSTATION\_LossLess\TRANCE\Labels\Iboga Records\[IBOGACD79] VA - Groove Attack 2CD (2012)\CD2";"2017-03-07 12:56:06";"NEW";"54304";"Label/Physique"
"501,813";"09. Rocky & Sphera – echo (Yotopia rmx).flac";"00:08:22";"Flac Audio";"1-09";"Liquid Soul";"Labels";"2012";"Rocky (3) & Sphera";"Progressive Trance";"\\HOMERSTATION\_LossLess\TRANCE\Labels\Iboga Records\[IBOGACD79] VA - Groove Attack 2CD (2012)";"Iboga Records";"Groove Attack";"TRANCE";"1";"09";"Echo (Yotopia Remix)";"1825";"\\HOMERSTATION\_LossLess\TRANCE\Labels\Iboga Records\[IBOGACD79] VA - Groove Attack 2CD (2012)\CD1";"2017-03-07 12:56:06";"NEW";"54305";"Label/Physique"
"453,747";"09. Vertex & Pion – sunrise tonic (Liquid Soul rmx).flac";"00:07:34";"Flac Audio";"2-09";"Liquid Soul";"Labels";"2012";"Vertex (4) & Pion";"Progressive Trance";"\\HOMERSTATION\_LossLess\TRANCE\Labels\Iboga Records\[IBOGACD79] VA - Groove Attack 2CD (2012)";"Iboga Records";"Groove Attack";"TRANCE";"2";"09";"Sunrise Tonic (Liquid Soul Remix)";"1825";"\\HOMERSTATION\_LossLess\TRANCE\Labels\Iboga Records\[IBOGACD79] VA - Groove Attack 2CD (2012)\CD2";"2017-03-07 12:56:06";"NEW";"54306";"Label/Physique"
"538,693";"01. Sideform – The Ritual.flac";"00:08:59";"Flac Audio";"1-01";"Sideform";"Labels";"2016";"Sideform";"Progressive Trance/Psy-Trance";"\\HOMERSTATION\_LossLess\TRANCE\Labels\Iboga Records\[IBOGADIGITAL284] Sideform - The Ritual EP (2016)";"Iboga Records";"The Ritual";"TRANCE";"1";"01";"The Ritual";"3993";"\\HOMERSTATION\_LossLess\TRANCE\Labels\Iboga Records\[IBOGADIGITAL284] Sideform - The Ritual EP (2016)";"2017-03-07 12:56:36";"NEW";"54307";"Label/Physique"
"519,453";"02. Sideform & Suduaya – Codes of Life.flac";"00:08:39";"Flac Audio";"1-02";"Sideform";"Labels";"2016";"Sideform & Suduaya";"Progressive Trance/Psy-Trance";"\\HOMERSTATION\_LossLess\TRANCE\Labels\Iboga Records\[IBOGADIGITAL284] Sideform - The Ritual EP (2016)";"Iboga Records";"The Ritual";"TRANCE";"1";"02";"Codes Of Lifes";"3993";"\\HOMERSTATION\_LossLess\TRANCE\Labels\Iboga Records\[IBOGADIGITAL284] Sideform - The Ritual EP (2016)";"2017-03-07 12:56:36";"NEW";"54308";"Label/Physique"
"600,24";"01. Abstrackt Dimension – Solar Core.flac";"00:10:00";"Flac Audio";"01";"";"Labels";"2017";"Abstrackt Dimension";"Psy-Progressive";"\\HOMERSTATION\_LossLess\TRANCE\Labels\Ovnimoon Records\[OVNIEP237] Abstrackt Dimension - Seeking The Source EP (2017)";"Ovnimoon Records";"Seeking The Source EP";"TRANCE";"0";"01";"Solar Core";"3994";"\\HOMERSTATION\_LossLess\TRANCE\Labels\Ovnimoon Records\[OVNIEP237] Abstrackt Dimension - Seeking The Source EP (2017)";"2017-03-07 12:58:18";"NEW";"54309";"Label/Physique"
"522,72";"02. Abstrackt Dimension – Seeking The Source.flac";"00:08:43";"Flac Audio";"02";"";"Labels";"2017";"Abstrackt Dimension";"Psy-Progressive";"\\HOMERSTATION\_LossLess\TRANCE\Labels\Ovnimoon Records\[OVNIEP237] Abstrackt Dimension - Seeking The Source EP (2017)";"Ovnimoon Records";"Seeking The Source EP";"TRANCE";"0";"02";"Seeking The Source";"3994";"\\HOMERSTATION\_LossLess\TRANCE\Labels\Ovnimoon Records\[OVNIEP237] Abstrackt Dimension - Seeking The Source EP (2017)";"2017-03-07 12:58:18";"NEW";"54310";"Label/Physique"
"33,333";"01-raja_ram_and_lucas_-_intro-psycz.flac";"00:00:33";"Flac Audio";"1-01";"Lucas";"Labels";"2006";"Raja Ram And Lucas";"Psy-Trance/Goa Trance";"\\HOMERSTATION\_LossLess\TRANCE\Labels\TIP.World\[TIPWCD047] VA - Lucas Presents God Save The Machine (2006)";"TIP.World";"God Save The Machine";"TRANCE";"1";"01";"Intro";"3995";"\\HOMERSTATION\_LossLess\TRANCE\Labels\TIP.World\[TIPWCD047] VA - Lucas Presents God Save The Machine (2006)";"2017-03-07 13:00:03";"NEW";"54311";"Label/Physique"
"424,267";"02-eat_static_and_lucas_-_primitive_earthlings-psycz.flac";"00:07:04";"Flac Audio";"1-02";"Lucas";"Labels";"2006";"Eat Static And Lucas";"Psy-Trance/Goa Trance";"\\HOMERSTATION\_LossLess\TRANCE\Labels\TIP.World\[TIPWCD047] VA - Lucas Presents God Save The Machine (2006)";"TIP.World";"God Save The Machine";"TRANCE";"1";"02";"Primative Earthlings";"3995";"\\HOMERSTATION\_LossLess\TRANCE\Labels\TIP.World\[TIPWCD047] VA - Lucas Presents God Save The Machine (2006)";"2017-03-07 13:00:03";"NEW";"54312";"Label/Physique"
"414,6";"03-tristan_and_lucas_-_porcupine-psycz.flac";"00:06:55";"Flac Audio";"1-03";"Lucas";"Labels";"2006";"Tristan And Lucas";"Psy-Trance/Goa Trance";"\\HOMERSTATION\_LossLess\TRANCE\Labels\TIP.World\[TIPWCD047] VA - Lucas Presents God Save The Machine (2006)";"TIP.World";"God Save The Machine";"TRANCE";"1";"03";"Porcupine";"3995";"\\HOMERSTATION\_LossLess\TRANCE\Labels\TIP.World\[TIPWCD047] VA - Lucas Presents God Save The Machine (2006)";"2017-03-07 13:00:04";"NEW";"54313";"Label/Physique"
"480,04";"04-dickster_and_lucas_-_living_dangerously-psycz.flac";"00:08:00";"Flac Audio";"1-04";"Lucas";"Labels";"2006";"Dickster And Lucas";"Psy-Trance/Goa Trance";"\\HOMERSTATION\_LossLess\TRANCE\Labels\TIP.World\[TIPWCD047] VA - Lucas Presents God Save The Machine (2006)";"TIP.World";"God Save The Machine";"TRANCE";"1";"04";"Living Dangerously";"3995";"\\HOMERSTATION\_LossLess\TRANCE\Labels\TIP.World\[TIPWCD047] VA - Lucas Presents God Save The Machine (2006)";"2017-03-07 13:00:04";"NEW";"54314";"Label/Physique"
"475,427";"05-laughing_buddha_and_lucas_-_binary_bonanza-psycz.flac";"00:07:55";"Flac Audio";"1-05";"Lucas";"Labels";"2006";"Laughing Buddha And Lucas";"Psy-Trance/Goa Trance";"\\HOMERSTATION\_LossLess\TRANCE\Labels\TIP.World\[TIPWCD047] VA - Lucas Presents God Save The Machine (2006)";"TIP.World";"God Save The Machine";"TRANCE";"1";"05";"Binary Bonanza";"3995";"\\HOMERSTATION\_LossLess\TRANCE\Labels\TIP.World\[TIPWCD047] VA - Lucas Presents God Save The Machine (2006)";"2017-03-07 13:00:04";"NEW";"54315";"Label/Physique"
"501";"06-aphid_moon_and_lucas_o_brien_-_we_are_your_friend-psycz.flac";"00:08:21";"Flac Audio";"1-06";"Lucas";"Labels";"2006";"Aphid Moon And Lucas O'Brien";"Psy-Trance/Goa Trance";"\\HOMERSTATION\_LossLess\TRANCE\Labels\TIP.World\[TIPWCD047] VA - Lucas Presents God Save The Machine (2006)";"TIP.World";"God Save The Machine";"TRANCE";"1";"06";"We Are Your Friend";"3995";"\\HOMERSTATION\_LossLess\TRANCE\Labels\TIP.World\[TIPWCD047] VA - Lucas Presents God Save The Machine (2006)";"2017-03-07 13:00:04";"NEW";"54316";"Label/Physique"
"565,533";"07-hallucinogen_and_lucas_-_pipeworm-psycz.flac";"00:09:26";"Flac Audio";"1-07";"Lucas";"Labels";"2006";"Hallucinogen And Lucas";"Psy-Trance/Goa Trance";"\\HOMERSTATION\_LossLess\TRANCE\Labels\TIP.World\[TIPWCD047] VA - Lucas Presents God Save The Machine (2006)";"TIP.World";"God Save The Machine";"TRANCE";"1";"07";"Pipeworm";"3995";"\\HOMERSTATION\_LossLess\TRANCE\Labels\TIP.World\[TIPWCD047] VA - Lucas Presents God Save The Machine (2006)";"2017-03-07 13:00:04";"NEW";"54317";"Label/Physique"
"534,773";"08-queens_park_derangers_-_create_a_hippy-psycz.flac";"00:08:55";"Flac Audio";"1-08";"Lucas";"Labels";"2006";"Queens Park Derangers";"Psy-Trance/Goa Trance";"\\HOMERSTATION\_LossLess\TRANCE\Labels\TIP.World\[TIPWCD047] VA - Lucas Presents God Save The Machine (2006)";"TIP.World";"God Save The Machine";"TRANCE";"1";"08";"Create A Hippy";"3995";"\\HOMERSTATION\_LossLess\TRANCE\Labels\TIP.World\[TIPWCD047] VA - Lucas Presents God Save The Machine (2006)";"2017-03-07 13:00:04";"NEW";"54318";"Label/Physique"
"458,027";"09-prometheus_and_lucas_-_nerve_centre-psycz.flac";"00:07:38";"Flac Audio";"1-09";"Lucas";"Labels";"2006";"Prometheus And Lucas";"Psy-Trance/Goa Trance";"\\HOMERSTATION\_LossLess\TRANCE\Labels\TIP.World\[TIPWCD047] VA - Lucas Presents God Save The Machine (2006)";"TIP.World";"God Save The Machine";"TRANCE";"1";"09";"Nerve Centre";"3995";"\\HOMERSTATION\_LossLess\TRANCE\Labels\TIP.World\[TIPWCD047] VA - Lucas Presents God Save The Machine (2006)";"2017-03-07 13:00:04";"NEW";"54319";"Label/Physique"
"419,84";"10-sybarite_-_liquid_lunched-psycz.flac";"00:07:00";"Flac Audio";"1-10";"Lucas";"Labels";"2006";"Sybarite";"Psy-Trance/Goa Trance";"\\HOMERSTATION\_LossLess\TRANCE\Labels\TIP.World\[TIPWCD047] VA - Lucas Presents God Save The Machine (2006)";"TIP.World";"God Save The Machine";"TRANCE";"1";"10";"Liquid Lunched";"3995";"\\HOMERSTATION\_LossLess\TRANCE\Labels\TIP.World\[TIPWCD047] VA - Lucas Presents God Save The Machine (2006)";"2017-03-07 13:00:04";"NEW";"54320";"Label/Physique"
"489,72";"1_01 Native Radio - Cyberfish.flac";"00:08:10";"Flac Audio";"1-01";"DJ Bim And Alexander Ligowski";"Labels";"2003";"Native Radio";"Psy-Trance/Progressive Trance";"\\HOMERSTATION\_LossLess\TRANCE\Labels\Yellow Sunshine Explosion\[YSE 031-CD] VA - Psychedelic Radio 2CD (2003)";"Yellow Sunshine Explosion";"Psychedelic Radio - Extreme Broadcast Tunes In Trance";"TRANCE";"1";"01";"Cyberfish";"3996";"\\HOMERSTATION\_LossLess\TRANCE\Labels\Yellow Sunshine Explosion\[YSE 031-CD] VA - Psychedelic Radio 2CD (2003)\CD1";"2017-03-07 13:00:44";"NEW";"54321";"Label/Physique"
"442,72";"1_02 A.K.D. - At Tribal Time.flac";"00:07:23";"Flac Audio";"1-02";"DJ Bim And Alexander Ligowski";"Labels";"2003";"A.K.D.";"Psy-Trance/Progressive Trance";"\\HOMERSTATION\_LossLess\TRANCE\Labels\Yellow Sunshine Explosion\[YSE 031-CD] VA - Psychedelic Radio 2CD (2003)";"Yellow Sunshine Explosion";"Psychedelic Radio - Extreme Broadcast Tunes In Trance";"TRANCE";"1";"02";"At Tribal Times";"3996";"\\HOMERSTATION\_LossLess\TRANCE\Labels\Yellow Sunshine Explosion\[YSE 031-CD] VA - Psychedelic Radio 2CD (2003)\CD1";"2017-03-07 13:00:44";"NEW";"54322";"Label/Physique"
"467,053";"1_03 Starsound Orchestra - Buenis Dances.flac";"00:07:47";"Flac Audio";"1-03";"DJ Bim And Alexander Ligowski";"Labels";"2003";"Star Sounds Orchestra";"Psy-Trance/Progressive Trance";"\\HOMERSTATION\_LossLess\TRANCE\Labels\Yellow Sunshine Explosion\[YSE 031-CD] VA - Psychedelic Radio 2CD (2003)";"Yellow Sunshine Explosion";"Psychedelic Radio - Extreme Broadcast Tunes In Trance";"TRANCE";"1";"03";"Buenos Dances";"3996";"\\HOMERSTATION\_LossLess\TRANCE\Labels\Yellow Sunshine Explosion\[YSE 031-CD] VA - Psychedelic Radio 2CD (2003)\CD1";"2017-03-07 13:00:44";"NEW";"54323";"Label/Physique"
"445,8";"1_04 Man With No Name - Visit The Moon.flac";"00:07:26";"Flac Audio";"1-04";"DJ Bim And Alexander Ligowski";"Labels";"2003";"Man With No Name";"Psy-Trance/Progressive Trance";"\\HOMERSTATION\_LossLess\TRANCE\Labels\Yellow Sunshine Explosion\[YSE 031-CD] VA - Psychedelic Radio 2CD (2003)";"Yellow Sunshine Explosion";"Psychedelic Radio - Extreme Broadcast Tunes In Trance";"TRANCE";"1";"04";"Visit The Moon";"3996";"\\HOMERSTATION\_LossLess\TRANCE\Labels\Yellow Sunshine Explosion\[YSE 031-CD] VA - Psychedelic Radio 2CD (2003)\CD1";"2017-03-07 13:00:44";"NEW";"54324";"Label/Physique"
"567,8";"1_05 Symphonix - Druids (SBK Remix).flac";"00:09:28";"Flac Audio";"1-05";"DJ Bim And Alexander Ligowski";"Labels";"2003";"Symphonix";"Psy-Trance/Progressive Trance";"\\HOMERSTATION\_LossLess\TRANCE\Labels\Yellow Sunshine Explosion\[YSE 031-CD] VA - Psychedelic Radio 2CD (2003)";"Yellow Sunshine Explosion";"Psychedelic Radio - Extreme Broadcast Tunes In Trance";"TRANCE";"1";"05";"Druids (SBK Remix)";"3996";"\\HOMERSTATION\_LossLess\TRANCE\Labels\Yellow Sunshine Explosion\[YSE 031-CD] VA - Psychedelic Radio 2CD (2003)\CD1";"2017-03-07 13:00:44";"NEW";"54325";"Label/Physique"
"443,933";"1_06 Herbal Essence - Breath.flac";"00:07:24";"Flac Audio";"1-06";"DJ Bim And Alexander Ligowski";"Labels";"2003";"Herbal Essence";"Psy-Trance/Progressive Trance";"\\HOMERSTATION\_LossLess\TRANCE\Labels\Yellow Sunshine Explosion\[YSE 031-CD] VA - Psychedelic Radio 2CD (2003)";"Yellow Sunshine Explosion";"Psychedelic Radio - Extreme Broadcast Tunes In Trance";"TRANCE";"1";"06";"Breath";"3996";"\\HOMERSTATION\_LossLess\TRANCE\Labels\Yellow Sunshine Explosion\[YSE 031-CD] VA - Psychedelic Radio 2CD (2003)\CD1";"2017-03-07 13:00:44";"NEW";"54326";"Label/Physique"
"441,173";"1_07 Hydraglyph - Wacko.flac";"00:07:21";"Flac Audio";"1-07";"DJ Bim And Alexander Ligowski";"Labels";"2003";"Hydraglyph";"Psy-Trance/Progressive Trance";"\\HOMERSTATION\_LossLess\TRANCE\Labels\Yellow Sunshine Explosion\[YSE 031-CD] VA - Psychedelic Radio 2CD (2003)";"Yellow Sunshine Explosion";"Psychedelic Radio - Extreme Broadcast Tunes In Trance";"TRANCE";"1";"07";"Wacko";"3996";"\\HOMERSTATION\_LossLess\TRANCE\Labels\Yellow Sunshine Explosion\[YSE 031-CD] VA - Psychedelic Radio 2CD (2003)\CD1";"2017-03-07 13:00:44";"NEW";"54327";"Label/Physique"
"392,64";"1_08 Fatali - Reborne.flac";"00:06:33";"Flac Audio";"1-08";"DJ Bim And Alexander Ligowski";"Labels";"2003";"Fatali";"Psy-Trance/Progressive Trance";"\\HOMERSTATION\_LossLess\TRANCE\Labels\Yellow Sunshine Explosion\[YSE 031-CD] VA - Psychedelic Radio 2CD (2003)";"Yellow Sunshine Explosion";"Psychedelic Radio - Extreme Broadcast Tunes In Trance";"TRANCE";"1";"08";"Reborne";"3996";"\\HOMERSTATION\_LossLess\TRANCE\Labels\Yellow Sunshine Explosion\[YSE 031-CD] VA - Psychedelic Radio 2CD (2003)\CD1";"2017-03-07 13:00:44";"NEW";"54328";"Label/Physique"
"433,2";"1_09 Delirious_ - Dynamic Force.flac";"00:07:13";"Flac Audio";"1-09";"DJ Bim And Alexander Ligowski";"Labels";"2003";"Delirious";"Psy-Trance/Progressive Trance";"\\HOMERSTATION\_LossLess\TRANCE\Labels\Yellow Sunshine Explosion\[YSE 031-CD] VA - Psychedelic Radio 2CD (2003)";"Yellow Sunshine Explosion";"Psychedelic Radio - Extreme Broadcast Tunes In Trance";"TRANCE";"1";"09";"Dynamic Force";"3996";"\\HOMERSTATION\_LossLess\TRANCE\Labels\Yellow Sunshine Explosion\[YSE 031-CD] VA - Psychedelic Radio 2CD (2003)\CD1";"2017-03-07 13:00:44";"NEW";"54329";"Label/Physique"
"501,933";"2_01 Saiko-Pod - Phutures (Atmos Remix).flac";"00:08:22";"Flac Audio";"2-01";"DJ Bim And Alexander Ligowski";"Labels";"2003";"Saiko Pod";"Psy-Trance/Progressive Trance";"\\HOMERSTATION\_LossLess\TRANCE\Labels\Yellow Sunshine Explosion\[YSE 031-CD] VA - Psychedelic Radio 2CD (2003)";"Yellow Sunshine Explosion";"Psychedelic Radio - Extreme Broadcast Tunes In Trance";"TRANCE";"2";"01";"Phutures (Atmos Remix)";"3996";"\\HOMERSTATION\_LossLess\TRANCE\Labels\Yellow Sunshine Explosion\[YSE 031-CD] VA - Psychedelic Radio 2CD (2003)\CD2";"2017-03-07 13:00:44";"NEW";"54330";"Label/Physique"
"509,88";"2_02 Mikrokosmos - Two Places (Version 3).flac";"00:08:30";"Flac Audio";"2-02";"DJ Bim And Alexander Ligowski";"Labels";"2003";"Mikrokosmos";"Psy-Trance/Progressive Trance";"\\HOMERSTATION\_LossLess\TRANCE\Labels\Yellow Sunshine Explosion\[YSE 031-CD] VA - Psychedelic Radio 2CD (2003)";"Yellow Sunshine Explosion";"Psychedelic Radio - Extreme Broadcast Tunes In Trance";"TRANCE";"2";"02";"Two Places (Version 3)";"3996";"\\HOMERSTATION\_LossLess\TRANCE\Labels\Yellow Sunshine Explosion\[YSE 031-CD] VA - Psychedelic Radio 2CD (2003)\CD2";"2017-03-07 13:00:44";"NEW";"54331";"Label/Physique"
"525,853";"2_03 X V Kilist - RetroEffevtive.flac";"00:08:46";"Flac Audio";"2-03";"DJ Bim And Alexander Ligowski";"Labels";"2003";"XV Kilist";"Psy-Trance/Progressive Trance";"\\HOMERSTATION\_LossLess\TRANCE\Labels\Yellow Sunshine Explosion\[YSE 031-CD] VA - Psychedelic Radio 2CD (2003)";"Yellow Sunshine Explosion";"Psychedelic Radio - Extreme Broadcast Tunes In Trance";"TRANCE";"2";"03";"Retroeffective";"3996";"\\HOMERSTATION\_LossLess\TRANCE\Labels\Yellow Sunshine Explosion\[YSE 031-CD] VA - Psychedelic Radio 2CD (2003)\CD2";"2017-03-07 13:00:44";"NEW";"54332";"Label/Physique"
"443,867";"2_04 Slack Jaw - Broken (Polekat Remix).flac";"00:07:24";"Flac Audio";"2-04";"DJ Bim And Alexander Ligowski";"Labels";"2003";"Slackjaw";"Psy-Trance/Progressive Trance";"\\HOMERSTATION\_LossLess\TRANCE\Labels\Yellow Sunshine Explosion\[YSE 031-CD] VA - Psychedelic Radio 2CD (2003)";"Yellow Sunshine Explosion";"Psychedelic Radio - Extreme Broadcast Tunes In Trance";"TRANCE";"2";"04";"Broken (Polekat Remix)";"3996";"\\HOMERSTATION\_LossLess\TRANCE\Labels\Yellow Sunshine Explosion\[YSE 031-CD] VA - Psychedelic Radio 2CD (2003)\CD2";"2017-03-07 13:00:44";"NEW";"54333";"Label/Physique"
"523,68";"2_05 Van Bellen & Greed - City Lights (Mathew Dekay Remix).flac";"00:08:44";"Flac Audio";"2-05";"DJ Bim And Alexander Ligowski";"Labels";"2003";"Van Bellen & Greed";"Psy-Trance/Progressive Trance";"\\HOMERSTATION\_LossLess\TRANCE\Labels\Yellow Sunshine Explosion\[YSE 031-CD] VA - Psychedelic Radio 2CD (2003)";"Yellow Sunshine Explosion";"Psychedelic Radio - Extreme Broadcast Tunes In Trance";"TRANCE";"2";"05";"City Lights (Mathew Dekay Remix)";"3996";"\\HOMERSTATION\_LossLess\TRANCE\Labels\Yellow Sunshine Explosion\[YSE 031-CD] VA - Psychedelic Radio 2CD (2003)\CD2";"2017-03-07 13:00:44";"NEW";"54334";"Label/Physique"
"554,24";"2_06 Sonic Cube - Somewhere.flac";"00:09:14";"Flac Audio";"2-06";"DJ Bim And Alexander Ligowski";"Labels";"2003";"Sonic Cube";"Psy-Trance/Progressive Trance";"\\HOMERSTATION\_LossLess\TRANCE\Labels\Yellow Sunshine Explosion\[YSE 031-CD] VA - Psychedelic Radio 2CD (2003)";"Yellow Sunshine Explosion";"Psychedelic Radio - Extreme Broadcast Tunes In Trance";"TRANCE";"2";"06";"Somewhere";"3996";"\\HOMERSTATION\_LossLess\TRANCE\Labels\Yellow Sunshine Explosion\[YSE 031-CD] VA - Psychedelic Radio 2CD (2003)\CD2";"2017-03-07 13:00:45";"NEW";"54335";"Label/Physique"
"508,613";"2_07 Vision & Canedy - No Parlez.flac";"00:08:29";"Flac Audio";"2-07";"DJ Bim And Alexander Ligowski";"Labels";"2003";"Vision & Canedy";"Psy-Trance/Progressive Trance";"\\HOMERSTATION\_LossLess\TRANCE\Labels\Yellow Sunshine Explosion\[YSE 031-CD] VA - Psychedelic Radio 2CD (2003)";"Yellow Sunshine Explosion";"Psychedelic Radio - Extreme Broadcast Tunes In Trance";"TRANCE";"2";"07";"No Parlez";"3996";"\\HOMERSTATION\_LossLess\TRANCE\Labels\Yellow Sunshine Explosion\[YSE 031-CD] VA - Psychedelic Radio 2CD (2003)\CD2";"2017-03-07 13:00:45";"NEW";"54336";"Label/Physique"
"477,453";"2_08 Echolab - Real Delay (Junk Remix).flac";"00:07:57";"Flac Audio";"2-08";"DJ Bim And Alexander Ligowski";"Labels";"2003";"Echölab";"Psy-Trance/Progressive Trance";"\\HOMERSTATION\_LossLess\TRANCE\Labels\Yellow Sunshine Explosion\[YSE 031-CD] VA - Psychedelic Radio 2CD (2003)";"Yellow Sunshine Explosion";"Psychedelic Radio - Extreme Broadcast Tunes In Trance";"TRANCE";"2";"08";"Real Delay (Junk Remix)";"3996";"\\HOMERSTATION\_LossLess\TRANCE\Labels\Yellow Sunshine Explosion\[YSE 031-CD] VA - Psychedelic Radio 2CD (2003)\CD2";"2017-03-07 13:00:45";"NEW";"54337";"Label/Physique"
"618,853";"2_09 Tocharian And Christian Lewis Feat. Phillipa Alexander - Focus On You.flac";"00:10:19";"Flac Audio";"2-09";"DJ Bim And Alexander Ligowski";"Labels";"2003";"Tocharian And Christian Lewis Featuring Phillipa Alexander";"Psy-Trance/Progressive Trance";"\\HOMERSTATION\_LossLess\TRANCE\Labels\Yellow Sunshine Explosion\[YSE 031-CD] VA - Psychedelic Radio 2CD (2003)";"Yellow Sunshine Explosion";"Psychedelic Radio - Extreme Broadcast Tunes In Trance";"TRANCE";"2";"09";"Focus On You";"3996";"\\HOMERSTATION\_LossLess\TRANCE\Labels\Yellow Sunshine Explosion\[YSE 031-CD] VA - Psychedelic Radio 2CD (2003)\CD2";"2017-03-07 13:00:45";"NEW";"54338";"Label/Physique"
"343,773";"01. carbon_based_lifeforms-tensor.flac";"00:05:44";"Flac Audio";"2-01";"Various";"Labels";"2006";"Carbon Based Lifeforms";"Psy-Trance/Downtempo/Progressive Trance/Ambient";"\\HOMERSTATION\_LossLess\TRANCE\Labels\Yellow Sunshine Explosion\[YSE 111-CD] VA - Goa Beach Vol. 05 (2006)";"Yellow Sunshine Explosion";"Goa Beach Volume 5";"TRANCE";"2";"01";"Tensor";"3997";"\\HOMERSTATION\_LossLess\TRANCE\Labels\Yellow Sunshine Explosion\[YSE 111-CD] VA - Goa Beach Vol. 05 (2006)\CD 2";"2017-03-07 13:01:05";"NEW";"54339";"Label/Physique"
"566,707";"01. tegma-tribal_dancer.flac";"00:09:27";"Flac Audio";"1-01";"Various";"Labels";"2006";"Tegma";"Psy-Trance/Downtempo/Progressive Trance/Ambient";"\\HOMERSTATION\_LossLess\TRANCE\Labels\Yellow Sunshine Explosion\[YSE 111-CD] VA - Goa Beach Vol. 05 (2006)";"Yellow Sunshine Explosion";"Goa Beach Volume 5";"TRANCE";"1";"01";"Tribal Dancer";"3997";"\\HOMERSTATION\_LossLess\TRANCE\Labels\Yellow Sunshine Explosion\[YSE 111-CD] VA - Goa Beach Vol. 05 (2006)\CD 1";"2017-03-07 13:01:05";"NEW";"54340";"Label/Physique"
"399,893";"02. saafi_brothers-the_witness.flac";"00:06:40";"Flac Audio";"2-02";"Various";"Labels";"2006";"Saafi Brothers";"Psy-Trance/Downtempo/Progressive Trance/Ambient";"\\HOMERSTATION\_LossLess\TRANCE\Labels\Yellow Sunshine Explosion\[YSE 111-CD] VA - Goa Beach Vol. 05 (2006)";"Yellow Sunshine Explosion";"Goa Beach Volume 5";"TRANCE";"2";"02";"The Witness";"3997";"\\HOMERSTATION\_LossLess\TRANCE\Labels\Yellow Sunshine Explosion\[YSE 111-CD] VA - Goa Beach Vol. 05 (2006)\CD 2";"2017-03-07 13:01:05";"NEW";"54341";"Label/Physique"
"473,707";"02. sensifeel-sister.flac";"00:07:54";"Flac Audio";"1-02";"Various";"Labels";"2006";"Sensifeel";"Psy-Trance/Downtempo/Progressive Trance/Ambient";"\\HOMERSTATION\_LossLess\TRANCE\Labels\Yellow Sunshine Explosion\[YSE 111-CD] VA - Goa Beach Vol. 05 (2006)";"Yellow Sunshine Explosion";"Goa Beach Volume 5";"TRANCE";"1";"02";"Sister";"3997";"\\HOMERSTATION\_LossLess\TRANCE\Labels\Yellow Sunshine Explosion\[YSE 111-CD] VA - Goa Beach Vol. 05 (2006)\CD 1";"2017-03-07 13:01:05";"NEW";"54342";"Label/Physique"
"353,76";"03. soul_surfer-time_comes_into_time.flac";"00:05:54";"Flac Audio";"2-03";"Various";"Labels";"2006";"Soul Surfer";"Psy-Trance/Downtempo/Progressive Trance/Ambient";"\\HOMERSTATION\_LossLess\TRANCE\Labels\Yellow Sunshine Explosion\[YSE 111-CD] VA - Goa Beach Vol. 05 (2006)";"Yellow Sunshine Explosion";"Goa Beach Volume 5";"TRANCE";"2";"03";"Time Comes Into Time";"3997";"\\HOMERSTATION\_LossLess\TRANCE\Labels\Yellow Sunshine Explosion\[YSE 111-CD] VA - Goa Beach Vol. 05 (2006)\CD 2";"2017-03-07 13:01:05";"NEW";"54343";"Label/Physique"
"387,24";"03. symphonix_vs._xibalba-we_find_a_way.flac";"00:06:27";"Flac Audio";"1-03";"Various";"Labels";"2006";"Symphonix vs. Xibalba";"Psy-Trance/Downtempo/Progressive Trance/Ambient";"\\HOMERSTATION\_LossLess\TRANCE\Labels\Yellow Sunshine Explosion\[YSE 111-CD] VA - Goa Beach Vol. 05 (2006)";"Yellow Sunshine Explosion";"Goa Beach Volume 5";"TRANCE";"1";"03";"We Find A Way";"3997";"\\HOMERSTATION\_LossLess\TRANCE\Labels\Yellow Sunshine Explosion\[YSE 111-CD] VA - Goa Beach Vol. 05 (2006)\CD 1";"2017-03-07 13:01:05";"NEW";"54344";"Label/Physique"
"534,467";"04. hux_flux-building_pyramids.flac";"00:08:54";"Flac Audio";"2-04";"Various";"Labels";"2006";"Hux Flux";"Psy-Trance/Downtempo/Progressive Trance/Ambient";"\\HOMERSTATION\_LossLess\TRANCE\Labels\Yellow Sunshine Explosion\[YSE 111-CD] VA - Goa Beach Vol. 05 (2006)";"Yellow Sunshine Explosion";"Goa Beach Volume 5";"TRANCE";"2";"04";"Building Pyramids";"3997";"\\HOMERSTATION\_LossLess\TRANCE\Labels\Yellow Sunshine Explosion\[YSE 111-CD] VA - Goa Beach Vol. 05 (2006)\CD 2";"2017-03-07 13:01:05";"NEW";"54345";"Label/Physique"
"462,64";"04. ski_fi-waverange.flac";"00:07:43";"Flac Audio";"1-04";"Various";"Labels";"2006";"Ski-Fi";"Psy-Trance/Downtempo/Progressive Trance/Ambient";"\\HOMERSTATION\_LossLess\TRANCE\Labels\Yellow Sunshine Explosion\[YSE 111-CD] VA - Goa Beach Vol. 05 (2006)";"Yellow Sunshine Explosion";"Goa Beach Volume 5";"TRANCE";"1";"04";"Waverange";"3997";"\\HOMERSTATION\_LossLess\TRANCE\Labels\Yellow Sunshine Explosion\[YSE 111-CD] VA - Goa Beach Vol. 05 (2006)\CD 1";"2017-03-07 13:01:05";"NEW";"54346";"Label/Physique"
"427,787";"05. nomads_of_dub-spirals.flac";"00:07:08";"Flac Audio";"2-05";"Various";"Labels";"2006";"Nomads Of Dub";"Psy-Trance/Downtempo/Progressive Trance/Ambient";"\\HOMERSTATION\_LossLess\TRANCE\Labels\Yellow Sunshine Explosion\[YSE 111-CD] VA - Goa Beach Vol. 05 (2006)";"Yellow Sunshine Explosion";"Goa Beach Volume 5";"TRANCE";"2";"05";"Spirals";"3997";"\\HOMERSTATION\_LossLess\TRANCE\Labels\Yellow Sunshine Explosion\[YSE 111-CD] VA - Goa Beach Vol. 05 (2006)\CD 2";"2017-03-07 13:01:05";"NEW";"54347";"Label/Physique"
"371,12";"05. odiseo_vs._jaca-run_away.flac";"00:06:11";"Flac Audio";"1-05";"Various";"Labels";"2006";"Odiseo vs. Jaca";"Psy-Trance/Downtempo/Progressive Trance/Ambient";"\\HOMERSTATION\_LossLess\TRANCE\Labels\Yellow Sunshine Explosion\[YSE 111-CD] VA - Goa Beach Vol. 05 (2006)";"Yellow Sunshine Explosion";"Goa Beach Volume 5";"TRANCE";"1";"05";"Run Away";"3997";"\\HOMERSTATION\_LossLess\TRANCE\Labels\Yellow Sunshine Explosion\[YSE 111-CD] VA - Goa Beach Vol. 05 (2006)\CD 1";"2017-03-07 13:01:05";"NEW";"54348";"Label/Physique"
"476,267";"06. earsugar-fortaste.flac";"00:07:56";"Flac Audio";"1-06";"Various";"Labels";"2006";"Earsugar";"Psy-Trance/Downtempo/Progressive Trance/Ambient";"\\HOMERSTATION\_LossLess\TRANCE\Labels\Yellow Sunshine Explosion\[YSE 111-CD] VA - Goa Beach Vol. 05 (2006)";"Yellow Sunshine Explosion";"Goa Beach Volume 5";"TRANCE";"1";"06";"Fortaste";"3997";"\\HOMERSTATION\_LossLess\TRANCE\Labels\Yellow Sunshine Explosion\[YSE 111-CD] VA - Goa Beach Vol. 05 (2006)\CD 1";"2017-03-07 13:01:05";"NEW";"54349";"Label/Physique"
"610,92";"06. hallucinogen-angelic_particles_(buckminster_fullerine_mix).flac";"00:10:11";"Flac Audio";"2-06";"Various";"Labels";"2006";"Hallucinogen";"Psy-Trance/Downtempo/Progressive Trance/Ambient";"\\HOMERSTATION\_LossLess\TRANCE\Labels\Yellow Sunshine Explosion\[YSE 111-CD] VA - Goa Beach Vol. 05 (2006)";"Yellow Sunshine Explosion";"Goa Beach Volume 5";"TRANCE";"2";"06";"Angelic Particles (Buckminster Fullerine Mix)";"3997";"\\HOMERSTATION\_LossLess\TRANCE\Labels\Yellow Sunshine Explosion\[YSE 111-CD] VA - Goa Beach Vol. 05 (2006)\CD 2";"2017-03-07 13:01:05";"NEW";"54350";"Label/Physique"
"418,093";"07. freq-sunglider.flac";"00:06:58";"Flac Audio";"1-07";"Various";"Labels";"2006";"FREq";"Psy-Trance/Downtempo/Progressive Trance/Ambient";"\\HOMERSTATION\_LossLess\TRANCE\Labels\Yellow Sunshine Explosion\[YSE 111-CD] VA - Goa Beach Vol. 05 (2006)";"Yellow Sunshine Explosion";"Goa Beach Volume 5";"TRANCE";"1";"07";"Sunglider";"3997";"\\HOMERSTATION\_LossLess\TRANCE\Labels\Yellow Sunshine Explosion\[YSE 111-CD] VA - Goa Beach Vol. 05 (2006)\CD 1";"2017-03-07 13:01:05";"NEW";"54351";"Label/Physique"
"434,147";"07. shpongle-once_upon_the_sea_of_blissful_awareness.flac";"00:07:14";"Flac Audio";"2-07";"Various";"Labels";"2006";"Shpongle";"Psy-Trance/Downtempo/Progressive Trance/Ambient";"\\HOMERSTATION\_LossLess\TRANCE\Labels\Yellow Sunshine Explosion\[YSE 111-CD] VA - Goa Beach Vol. 05 (2006)";"Yellow Sunshine Explosion";"Goa Beach Volume 5";"TRANCE";"2";"07";"Once Upon The Sea Of Blissful Awareness";"3997";"\\HOMERSTATION\_LossLess\TRANCE\Labels\Yellow Sunshine Explosion\[YSE 111-CD] VA - Goa Beach Vol. 05 (2006)\CD 2";"2017-03-07 13:01:06";"NEW";"54352";"Label/Physique"
"471,787";"08. prisoners_of_the_sun-bravo_(antix_remix).flac";"00:07:52";"Flac Audio";"1-08";"Various";"Labels";"2006";"POTS";"Psy-Trance/Downtempo/Progressive Trance/Ambient";"\\HOMERSTATION\_LossLess\TRANCE\Labels\Yellow Sunshine Explosion\[YSE 111-CD] VA - Goa Beach Vol. 05 (2006)";"Yellow Sunshine Explosion";"Goa Beach Volume 5";"TRANCE";"1";"08";"Bravo (Antix Mix)";"3997";"\\HOMERSTATION\_LossLess\TRANCE\Labels\Yellow Sunshine Explosion\[YSE 111-CD] VA - Goa Beach Vol. 05 (2006)\CD 1";"2017-03-07 13:01:06";"NEW";"54353";"Label/Physique"
"358,027";"08. ten_madison-sands_of_time.flac";"00:05:58";"Flac Audio";"2-08";"Various";"Labels";"2006";"Ten Madison";"Psy-Trance/Downtempo/Progressive Trance/Ambient";"\\HOMERSTATION\_LossLess\TRANCE\Labels\Yellow Sunshine Explosion\[YSE 111-CD] VA - Goa Beach Vol. 05 (2006)";"Yellow Sunshine Explosion";"Goa Beach Volume 5";"TRANCE";"2";"08";"Sands Of Time";"3997";"\\HOMERSTATION\_LossLess\TRANCE\Labels\Yellow Sunshine Explosion\[YSE 111-CD] VA - Goa Beach Vol. 05 (2006)\CD 2";"2017-03-07 13:01:06";"NEW";"54354";"Label/Physique"
"376,627";"09. leif_hatfield-light_(electric_mix).flac";"00:06:17";"Flac Audio";"2-09";"Various";"Labels";"2006";"Leif Hatfield";"Psy-Trance/Downtempo/Progressive Trance/Ambient";"\\HOMERSTATION\_LossLess\TRANCE\Labels\Yellow Sunshine Explosion\[YSE 111-CD] VA - Goa Beach Vol. 05 (2006)";"Yellow Sunshine Explosion";"Goa Beach Volume 5";"TRANCE";"2";"09";"Light (Electric Mix)";"3997";"\\HOMERSTATION\_LossLess\TRANCE\Labels\Yellow Sunshine Explosion\[YSE 111-CD] VA - Goa Beach Vol. 05 (2006)\CD 2";"2017-03-07 13:01:06";"NEW";"54355";"Label/Physique"
"509,84";"09. ticon-rip_it_up.flac";"00:08:30";"Flac Audio";"1-09";"Various";"Labels";"2006";"Ticon";"Psy-Trance/Downtempo/Progressive Trance/Ambient";"\\HOMERSTATION\_LossLess\TRANCE\Labels\Yellow Sunshine Explosion\[YSE 111-CD] VA - Goa Beach Vol. 05 (2006)";"Yellow Sunshine Explosion";"Goa Beach Volume 5";"TRANCE";"1";"09";"Rip It Up";"3997";"\\HOMERSTATION\_LossLess\TRANCE\Labels\Yellow Sunshine Explosion\[YSE 111-CD] VA - Goa Beach Vol. 05 (2006)\CD 1";"2017-03-07 13:01:06";"NEW";"54356";"Label/Physique"
"535,693";"10. vibrasphere-sweet_september.flac";"00:08:56";"Flac Audio";"1-10";"Various";"Labels";"2006";"Vibrasphere";"Psy-Trance/Downtempo/Progressive Trance/Ambient";"\\HOMERSTATION\_LossLess\TRANCE\Labels\Yellow Sunshine Explosion\[YSE 111-CD] VA - Goa Beach Vol. 05 (2006)";"Yellow Sunshine Explosion";"Goa Beach Volume 5";"TRANCE";"1";"10";"Sweet September";"3997";"\\HOMERSTATION\_LossLess\TRANCE\Labels\Yellow Sunshine Explosion\[YSE 111-CD] VA - Goa Beach Vol. 05 (2006)\CD 1";"2017-03-07 13:01:06";"NEW";"54357";"Label/Physique"
"516,933";"01. Minilogue - Ahck.flac";"00:08:37";"Flac Audio";"1-01";"Various";"Labels";"2007";"Minilogue";"Progressive House";"\\HOMERSTATION\_LossLess\TRANCE\Labels\Yellow Sunshine Explosion\[YSE 141-CD] VA - Tribal Planet Vol.3 compiled by Slater (2007)";"Yellow Sunshine Explosion";"Tribal Planet Vol. 3";"TRANCE";"1";"01";"Ahck";"3998";"\\HOMERSTATION\_LossLess\TRANCE\Labels\Yellow Sunshine Explosion\[YSE 141-CD] VA - Tribal Planet Vol.3 compiled by Slater (2007)\CD1";"2017-03-07 13:01:14";"NEW";"54358";"Label/Physique"
"414,693";"01. Roman Rai - 4 A.M..flac";"00:06:55";"Flac Audio";"2-01";"Various";"Labels";"2007";"Roman Rai";"Progressive House";"\\HOMERSTATION\_LossLess\TRANCE\Labels\Yellow Sunshine Explosion\[YSE 141-CD] VA - Tribal Planet Vol.3 compiled by Slater (2007)";"Yellow Sunshine Explosion";"Tribal Planet Vol. 3";"TRANCE";"2";"01";"4 A.M.";"3998";"\\HOMERSTATION\_LossLess\TRANCE\Labels\Yellow Sunshine Explosion\[YSE 141-CD] VA - Tribal Planet Vol.3 compiled by Slater (2007)\CD2";"2017-03-07 13:01:14";"NEW";"54359";"Label/Physique"
"461,467";"02. Elastic - Back Home.flac";"00:07:41";"Flac Audio";"1-02";"Various";"Labels";"2007";"Elastic";"Progressive House";"\\HOMERSTATION\_LossLess\TRANCE\Labels\Yellow Sunshine Explosion\[YSE 141-CD] VA - Tribal Planet Vol.3 compiled by Slater (2007)";"Yellow Sunshine Explosion";"Tribal Planet Vol. 3";"TRANCE";"1";"02";"Back Home";"3998";"\\HOMERSTATION\_LossLess\TRANCE\Labels\Yellow Sunshine Explosion\[YSE 141-CD] VA - Tribal Planet Vol.3 compiled by Slater (2007)\CD1";"2017-03-07 13:01:14";"NEW";"54360";"Label/Physique"
"514";"02. Even 11 - Like This.flac";"00:08:34";"Flac Audio";"2-02";"Various";"Labels";"2007";"Even 11";"Progressive House";"\\HOMERSTATION\_LossLess\TRANCE\Labels\Yellow Sunshine Explosion\[YSE 141-CD] VA - Tribal Planet Vol.3 compiled by Slater (2007)";"Yellow Sunshine Explosion";"Tribal Planet Vol. 3";"TRANCE";"2";"02";"Like This";"3998";"\\HOMERSTATION\_LossLess\TRANCE\Labels\Yellow Sunshine Explosion\[YSE 141-CD] VA - Tribal Planet Vol.3 compiled by Slater (2007)\CD2";"2017-03-07 13:01:14";"NEW";"54361";"Label/Physique"
"542";"03. Fog - Wrong Addiction.flac";"00:09:02";"Flac Audio";"1-03";"Various";"Labels";"2007";"Fog";"Progressive House";"\\HOMERSTATION\_LossLess\TRANCE\Labels\Yellow Sunshine Explosion\[YSE 141-CD] VA - Tribal Planet Vol.3 compiled by Slater (2007)";"Yellow Sunshine Explosion";"Tribal Planet Vol. 3";"TRANCE";"1";"03";"Wrong Addiction";"3998";"\\HOMERSTATION\_LossLess\TRANCE\Labels\Yellow Sunshine Explosion\[YSE 141-CD] VA - Tribal Planet Vol.3 compiled by Slater (2007)\CD1";"2017-03-07 13:01:14";"NEW";"54362";"Label/Physique"
"444,533";"03. Sin Plomo & Jerome Isma-Ae - La Mer (Chris Micali Rmx).flac";"00:07:25";"Flac Audio";"2-03";"Various";"Labels";"2007";"Sin Plomo & Jerome Isma-Ae";"Progressive House";"\\HOMERSTATION\_LossLess\TRANCE\Labels\Yellow Sunshine Explosion\[YSE 141-CD] VA - Tribal Planet Vol.3 compiled by Slater (2007)";"Yellow Sunshine Explosion";"Tribal Planet Vol. 3";"TRANCE";"2";"03";"La Mer (Chris Micali Remix)";"3998";"\\HOMERSTATION\_LossLess\TRANCE\Labels\Yellow Sunshine Explosion\[YSE 141-CD] VA - Tribal Planet Vol.3 compiled by Slater (2007)\CD2";"2017-03-07 13:01:15";"NEW";"54363";"Label/Physique"
"483,773";"04. Fine Taste - Superficial (Phatjak Hipnotic Rmx).flac";"00:08:04";"Flac Audio";"2-04";"Various";"Labels";"2007";"Fine Taste";"Progressive House";"\\HOMERSTATION\_LossLess\TRANCE\Labels\Yellow Sunshine Explosion\[YSE 141-CD] VA - Tribal Planet Vol.3 compiled by Slater (2007)";"Yellow Sunshine Explosion";"Tribal Planet Vol. 3";"TRANCE";"2";"04";"Superficial (Phatjak Hipnotic Remix)";"3998";"\\HOMERSTATION\_LossLess\TRANCE\Labels\Yellow Sunshine Explosion\[YSE 141-CD] VA - Tribal Planet Vol.3 compiled by Slater (2007)\CD2";"2017-03-07 13:01:15";"NEW";"54364";"Label/Physique"
"441,853";"04. MK Ultra Project - Gamma Radio (16Bit Lolitas Rmx).flac";"00:07:22";"Flac Audio";"1-04";"Various";"Labels";"2007";"MK Ultra Project";"Progressive House";"\\HOMERSTATION\_LossLess\TRANCE\Labels\Yellow Sunshine Explosion\[YSE 141-CD] VA - Tribal Planet Vol.3 compiled by Slater (2007)";"Yellow Sunshine Explosion";"Tribal Planet Vol. 3";"TRANCE";"1";"04";"Gamma Radio (16Bit Lolitas Remix)";"3998";"\\HOMERSTATION\_LossLess\TRANCE\Labels\Yellow Sunshine Explosion\[YSE 141-CD] VA - Tribal Planet Vol.3 compiled by Slater (2007)\CD1";"2017-03-07 13:01:15";"NEW";"54365";"Label/Physique"
"575,987";"05. Fitalic - My Destiny.flac";"00:09:36";"Flac Audio";"1-05";"Various";"Labels";"2007";"Fitalic";"Progressive House";"\\HOMERSTATION\_LossLess\TRANCE\Labels\Yellow Sunshine Explosion\[YSE 141-CD] VA - Tribal Planet Vol.3 compiled by Slater (2007)";"Yellow Sunshine Explosion";"Tribal Planet Vol. 3";"TRANCE";"1";"05";"My Destiny";"3998";"\\HOMERSTATION\_LossLess\TRANCE\Labels\Yellow Sunshine Explosion\[YSE 141-CD] VA - Tribal Planet Vol.3 compiled by Slater (2007)\CD1";"2017-03-07 13:01:15";"NEW";"54366";"Label/Physique"
"432,04";"05. Thomas Penton & Hernan Serrao - Jack's Funk.flac";"00:07:12";"Flac Audio";"2-05";"Various";"Labels";"2007";"Thomas Penton & Hernan Serrao";"Progressive House";"\\HOMERSTATION\_LossLess\TRANCE\Labels\Yellow Sunshine Explosion\[YSE 141-CD] VA - Tribal Planet Vol.3 compiled by Slater (2007)";"Yellow Sunshine Explosion";"Tribal Planet Vol. 3";"TRANCE";"2";"05";"Jack's Funk";"3998";"\\HOMERSTATION\_LossLess\TRANCE\Labels\Yellow Sunshine Explosion\[YSE 141-CD] VA - Tribal Planet Vol.3 compiled by Slater (2007)\CD2";"2017-03-07 13:01:15";"NEW";"54367";"Label/Physique"
"450,107";"06. Dominic Plaza - Korny (D-Nox & Beckers Rmx).flac";"00:07:30";"Flac Audio";"1-06";"Various";"Labels";"2007";"Dominic Plaza";"Progressive House";"\\HOMERSTATION\_LossLess\TRANCE\Labels\Yellow Sunshine Explosion\[YSE 141-CD] VA - Tribal Planet Vol.3 compiled by Slater (2007)";"Yellow Sunshine Explosion";"Tribal Planet Vol. 3";"TRANCE";"1";"06";"Korny (D-Nox & Beckers Remix)";"3998";"\\HOMERSTATION\_LossLess\TRANCE\Labels\Yellow Sunshine Explosion\[YSE 141-CD] VA - Tribal Planet Vol.3 compiled by Slater (2007)\CD1";"2017-03-07 13:01:15";"NEW";"54368";"Label/Physique"
"401,867";"06. Nick Hogendoorn & Eelke Kleijn - Rabbit Whole.flac";"00:06:42";"Flac Audio";"2-06";"Various";"Labels";"2007";"Nick Hogendoorn & Eelke Kleijn";"Progressive House";"\\HOMERSTATION\_LossLess\TRANCE\Labels\Yellow Sunshine Explosion\[YSE 141-CD] VA - Tribal Planet Vol.3 compiled by Slater (2007)";"Yellow Sunshine Explosion";"Tribal Planet Vol. 3";"TRANCE";"2";"06";"Rabbit Whole";"3998";"\\HOMERSTATION\_LossLess\TRANCE\Labels\Yellow Sunshine Explosion\[YSE 141-CD] VA - Tribal Planet Vol.3 compiled by Slater (2007)\CD2";"2017-03-07 13:01:15";"NEW";"54369";"Label/Physique"
"472,147";"07. Brisker & Magitman - Eliana's Trip.flac";"00:07:52";"Flac Audio";"1-07";"Various";"Labels";"2007";"Brisker & Magitman";"Progressive House";"\\HOMERSTATION\_LossLess\TRANCE\Labels\Yellow Sunshine Explosion\[YSE 141-CD] VA - Tribal Planet Vol.3 compiled by Slater (2007)";"Yellow Sunshine Explosion";"Tribal Planet Vol. 3";"TRANCE";"1";"07";"Eliana's Trip";"3998";"\\HOMERSTATION\_LossLess\TRANCE\Labels\Yellow Sunshine Explosion\[YSE 141-CD] VA - Tribal Planet Vol.3 compiled by Slater (2007)\CD1";"2017-03-07 13:01:15";"NEW";"54370";"Label/Physique"
"443,013";"07. Fitalic - Atomic Atmosphere (Thomas Penton Rmx).flac";"00:07:23";"Flac Audio";"2-07";"Various";"Labels";"2007";"Fitalic";"Progressive House";"\\HOMERSTATION\_LossLess\TRANCE\Labels\Yellow Sunshine Explosion\[YSE 141-CD] VA - Tribal Planet Vol.3 compiled by Slater (2007)";"Yellow Sunshine Explosion";"Tribal Planet Vol. 3";"TRANCE";"2";"07";"Atomic Atmosphere (Thomas Penton Remix)";"3998";"\\HOMERSTATION\_LossLess\TRANCE\Labels\Yellow Sunshine Explosion\[YSE 141-CD] VA - Tribal Planet Vol.3 compiled by Slater (2007)\CD2";"2017-03-07 13:01:15";"NEW";"54371";"Label/Physique"
"476,293";"08. Shiloh - Vice (Luke Chable Rmx).flac";"00:07:56";"Flac Audio";"2-08";"Various";"Labels";"2007";"Shiloh";"Progressive House";"\\HOMERSTATION\_LossLess\TRANCE\Labels\Yellow Sunshine Explosion\[YSE 141-CD] VA - Tribal Planet Vol.3 compiled by Slater (2007)";"Yellow Sunshine Explosion";"Tribal Planet Vol. 3";"TRANCE";"2";"08";"Vice (Luke Chable Remix)";"3998";"\\HOMERSTATION\_LossLess\TRANCE\Labels\Yellow Sunshine Explosion\[YSE 141-CD] VA - Tribal Planet Vol.3 compiled by Slater (2007)\CD2";"2017-03-07 13:01:15";"NEW";"54372";"Label/Physique"
"487,093";"08. Vibrasphere - Floating Free (RPO Rmx).flac";"00:08:07";"Flac Audio";"1-08";"Various";"Labels";"2007";"Vibrasphere";"Progressive House";"\\HOMERSTATION\_LossLess\TRANCE\Labels\Yellow Sunshine Explosion\[YSE 141-CD] VA - Tribal Planet Vol.3 compiled by Slater (2007)";"Yellow Sunshine Explosion";"Tribal Planet Vol. 3";"TRANCE";"1";"08";"Floating Free (RPO Remix)";"3998";"\\HOMERSTATION\_LossLess\TRANCE\Labels\Yellow Sunshine Explosion\[YSE 141-CD] VA - Tribal Planet Vol.3 compiled by Slater (2007)\CD1";"2017-03-07 13:01:15";"NEW";"54373";"Label/Physique"
"467,547";"09. Chris Micali - Schiphol.flac";"00:07:48";"Flac Audio";"1-09";"Various";"Labels";"2007";"Chris Micali";"Progressive House";"\\HOMERSTATION\_LossLess\TRANCE\Labels\Yellow Sunshine Explosion\[YSE 141-CD] VA - Tribal Planet Vol.3 compiled by Slater (2007)";"Yellow Sunshine Explosion";"Tribal Planet Vol. 3";"TRANCE";"1";"09";"Schiphol";"3998";"\\HOMERSTATION\_LossLess\TRANCE\Labels\Yellow Sunshine Explosion\[YSE 141-CD] VA - Tribal Planet Vol.3 compiled by Slater (2007)\CD1";"2017-03-07 13:01:15";"NEW";"54374";"Label/Physique"
"518,467";"09. Duca - Robotiko.flac";"00:08:38";"Flac Audio";"2-09";"Various";"Labels";"2007";"Duca";"Progressive House";"\\HOMERSTATION\_LossLess\TRANCE\Labels\Yellow Sunshine Explosion\[YSE 141-CD] VA - Tribal Planet Vol.3 compiled by Slater (2007)";"Yellow Sunshine Explosion";"Tribal Planet Vol. 3";"TRANCE";"2";"09";"Robotiko";"3998";"\\HOMERSTATION\_LossLess\TRANCE\Labels\Yellow Sunshine Explosion\[YSE 141-CD] VA - Tribal Planet Vol.3 compiled by Slater (2007)\CD2";"2017-03-07 13:01:15";"NEW";"54375";"Label/Physique"
"413,987";"01. Lish & Yoake – Lift Off.flac";"00:06:54";"Flac Audio";"1-01";"Protonica";"Labels";"2014";"Lish & Yoake";"Progressive Trance/Psy-Trance";"\\HOMERSTATION\_LossLess\TRANCE\Labels\Yellow Sunshine Explosion\[YSE 337-CD] VA - Goa Session by Protonica 2CD (2014)";"Yellow Sunshine Explosion";"Goa Session";"TRANCE";"1";"01";"Lift Off";"3999";"\\HOMERSTATION\_LossLess\TRANCE\Labels\Yellow Sunshine Explosion\[YSE 337-CD] VA - Goa Session by Protonica 2CD (2014)\CD1";"2017-03-07 13:01:57";"NEW";"54376";"Label/Physique"
"452,24";"01. Reaky – Magnum Orca (Activa Rmx).flac";"00:07:32";"Flac Audio";"2-01";"Protonica";"Labels";"2014";"Reaky";"Progressive Trance/Psy-Trance";"\\HOMERSTATION\_LossLess\TRANCE\Labels\Yellow Sunshine Explosion\[YSE 337-CD] VA - Goa Session by Protonica 2CD (2014)";"Yellow Sunshine Explosion";"Goa Session";"TRANCE";"2";"01";"Magnum Orca (Activa Remix).";"3999";"\\HOMERSTATION\_LossLess\TRANCE\Labels\Yellow Sunshine Explosion\[YSE 337-CD] VA - Goa Session by Protonica 2CD (2014)\CD2";"2017-03-07 13:01:57";"NEW";"54377";"Label/Physique"
"511,64";"02. FREq – What Rises Must Converge.flac";"00:08:32";"Flac Audio";"1-02";"Protonica";"Labels";"2014";"Freq";"Progressive Trance/Psy-Trance";"\\HOMERSTATION\_LossLess\TRANCE\Labels\Yellow Sunshine Explosion\[YSE 337-CD] VA - Goa Session by Protonica 2CD (2014)";"Yellow Sunshine Explosion";"Goa Session";"TRANCE";"1";"02";"What Rises Must Converge";"3999";"\\HOMERSTATION\_LossLess\TRANCE\Labels\Yellow Sunshine Explosion\[YSE 337-CD] VA - Goa Session by Protonica 2CD (2014)\CD1";"2017-03-07 13:01:57";"NEW";"54378";"Label/Physique"
"475,04";"02. NitroDrop – The Truth.flac";"00:07:55";"Flac Audio";"2-02";"Protonica";"Labels";"2014";"Nitrodrop";"Progressive Trance/Psy-Trance";"\\HOMERSTATION\_LossLess\TRANCE\Labels\Yellow Sunshine Explosion\[YSE 337-CD] VA - Goa Session by Protonica 2CD (2014)";"Yellow Sunshine Explosion";"Goa Session";"TRANCE";"2";"02";"The Truth";"3999";"\\HOMERSTATION\_LossLess\TRANCE\Labels\Yellow Sunshine Explosion\[YSE 337-CD] VA - Goa Session by Protonica 2CD (2014)\CD2";"2017-03-07 13:01:57";"NEW";"54379";"Label/Physique"
"487,64";"03. E-Clip vs. Zen Mechanics – Flashback.flac";"00:08:08";"Flac Audio";"1-03";"Protonica";"Labels";"2014";"E-Clip Vs. Zen Mechanics";"Progressive Trance/Psy-Trance";"\\HOMERSTATION\_LossLess\TRANCE\Labels\Yellow Sunshine Explosion\[YSE 337-CD] VA - Goa Session by Protonica 2CD (2014)";"Yellow Sunshine Explosion";"Goa Session";"TRANCE";"1";"03";"Flashback";"3999";"\\HOMERSTATION\_LossLess\TRANCE\Labels\Yellow Sunshine Explosion\[YSE 337-CD] VA - Goa Session by Protonica 2CD (2014)\CD1";"2017-03-07 13:01:57";"NEW";"54380";"Label/Physique"
"435,907";"03. Zyce & Aquafeel – I Am The Sun Light.flac";"00:07:16";"Flac Audio";"2-03";"Protonica";"Labels";"2014";"Zyce & Aquafeel";"Progressive Trance/Psy-Trance";"\\HOMERSTATION\_LossLess\TRANCE\Labels\Yellow Sunshine Explosion\[YSE 337-CD] VA - Goa Session by Protonica 2CD (2014)";"Yellow Sunshine Explosion";"Goa Session";"TRANCE";"2";"03";"I Am The Sun";"3999";"\\HOMERSTATION\_LossLess\TRANCE\Labels\Yellow Sunshine Explosion\[YSE 337-CD] VA - Goa Session by Protonica 2CD (2014)\CD2";"2017-03-07 13:01:57";"NEW";"54381";"Label/Physique"
"556,693";"04. Redrosid – Singularity.flac";"00:09:17";"Flac Audio";"1-04";"Protonica";"Labels";"2014";"Redrosid";"Progressive Trance/Psy-Trance";"\\HOMERSTATION\_LossLess\TRANCE\Labels\Yellow Sunshine Explosion\[YSE 337-CD] VA - Goa Session by Protonica 2CD (2014)";"Yellow Sunshine Explosion";"Goa Session";"TRANCE";"1";"04";"Singularity";"3999";"\\HOMERSTATION\_LossLess\TRANCE\Labels\Yellow Sunshine Explosion\[YSE 337-CD] VA - Goa Session by Protonica 2CD (2014)\CD1";"2017-03-07 13:01:57";"NEW";"54382";"Label/Physique"
"503,48";"04. Time In Motion – Energy (Aquafeel Rmx).flac";"00:08:23";"Flac Audio";"2-04";"Protonica";"Labels";"2014";"Time In Motion";"Progressive Trance/Psy-Trance";"\\HOMERSTATION\_LossLess\TRANCE\Labels\Yellow Sunshine Explosion\[YSE 337-CD] VA - Goa Session by Protonica 2CD (2014)";"Yellow Sunshine Explosion";"Goa Session";"TRANCE";"2";"04";"Energy (Aquafeel Remix)";"3999";"\\HOMERSTATION\_LossLess\TRANCE\Labels\Yellow Sunshine Explosion\[YSE 337-CD] VA - Goa Session by Protonica 2CD (2014)\CD2";"2017-03-07 13:01:57";"NEW";"54383";"Label/Physique"
"399,347";"05. Midimal – Food Of Life.flac";"00:06:39";"Flac Audio";"2-05";"Protonica";"Labels";"2014";"Midimal";"Progressive Trance/Psy-Trance";"\\HOMERSTATION\_LossLess\TRANCE\Labels\Yellow Sunshine Explosion\[YSE 337-CD] VA - Goa Session by Protonica 2CD (2014)";"Yellow Sunshine Explosion";"Goa Session";"TRANCE";"2";"05";"Food Of Life";"3999";"\\HOMERSTATION\_LossLess\TRANCE\Labels\Yellow Sunshine Explosion\[YSE 337-CD] VA - Goa Session by Protonica 2CD (2014)\CD2";"2017-03-07 13:01:57";"NEW";"54384";"Label/Physique"
"542,107";"05. Sonic Species – Strictly Virtual (Symbolic Rmx).flac";"00:09:02";"Flac Audio";"1-05";"Protonica";"Labels";"2014";"Sonic Species";"Progressive Trance/Psy-Trance";"\\HOMERSTATION\_LossLess\TRANCE\Labels\Yellow Sunshine Explosion\[YSE 337-CD] VA - Goa Session by Protonica 2CD (2014)";"Yellow Sunshine Explosion";"Goa Session";"TRANCE";"1";"05";"Strictly Virtual (Symbolic Remix)";"3999";"\\HOMERSTATION\_LossLess\TRANCE\Labels\Yellow Sunshine Explosion\[YSE 337-CD] VA - Goa Session by Protonica 2CD (2014)\CD1";"2017-03-07 13:01:57";"NEW";"54385";"Label/Physique"
"476,64";"06. Freedom Fighters & Headroom – Tribalistic (Lifeforms Rmx).flac";"00:07:57";"Flac Audio";"1-06";"Protonica";"Labels";"2014";"Freedom Fighters & Headroom";"Progressive Trance/Psy-Trance";"\\HOMERSTATION\_LossLess\TRANCE\Labels\Yellow Sunshine Explosion\[YSE 337-CD] VA - Goa Session by Protonica 2CD (2014)";"Yellow Sunshine Explosion";"Goa Session";"TRANCE";"1";"06";"Tribalistic (Lifeforms Remix)";"3999";"\\HOMERSTATION\_LossLess\TRANCE\Labels\Yellow Sunshine Explosion\[YSE 337-CD] VA - Goa Session by Protonica 2CD (2014)\CD1";"2017-03-07 13:01:57";"NEW";"54386";"Label/Physique"
"581,573";"06. Protonica – Codes.flac";"00:09:42";"Flac Audio";"2-06";"Protonica";"Labels";"2014";"Protonica";"Progressive Trance/Psy-Trance";"\\HOMERSTATION\_LossLess\TRANCE\Labels\Yellow Sunshine Explosion\[YSE 337-CD] VA - Goa Session by Protonica 2CD (2014)";"Yellow Sunshine Explosion";"Goa Session";"TRANCE";"2";"06";"Codes";"3999";"\\HOMERSTATION\_LossLess\TRANCE\Labels\Yellow Sunshine Explosion\[YSE 337-CD] VA - Goa Session by Protonica 2CD (2014)\CD2";"2017-03-07 13:01:57";"NEW";"54387";"Label/Physique"
"460,6";"07. Mindwave – Black Light.flac";"00:07:41";"Flac Audio";"2-07";"Protonica";"Labels";"2014";"Mindwave";"Progressive Trance/Psy-Trance";"\\HOMERSTATION\_LossLess\TRANCE\Labels\Yellow Sunshine Explosion\[YSE 337-CD] VA - Goa Session by Protonica 2CD (2014)";"Yellow Sunshine Explosion";"Goa Session";"TRANCE";"2";"07";"Black Light";"3999";"\\HOMERSTATION\_LossLess\TRANCE\Labels\Yellow Sunshine Explosion\[YSE 337-CD] VA - Goa Session by Protonica 2CD (2014)\CD2";"2017-03-07 13:01:57";"NEW";"54388";"Label/Physique"
"432,973";"07. Vice – A Journey On Barefeet.flac";"00:07:13";"Flac Audio";"1-07";"Protonica";"Labels";"2014";"Vice";"Progressive Trance/Psy-Trance";"\\HOMERSTATION\_LossLess\TRANCE\Labels\Yellow Sunshine Explosion\[YSE 337-CD] VA - Goa Session by Protonica 2CD (2014)";"Yellow Sunshine Explosion";"Goa Session";"TRANCE";"1";"07";"A Journey On Barefeet";"3999";"\\HOMERSTATION\_LossLess\TRANCE\Labels\Yellow Sunshine Explosion\[YSE 337-CD] VA - Goa Session by Protonica 2CD (2014)\CD1";"2017-03-07 13:01:57";"NEW";"54389";"Label/Physique"
"533,253";"08. Captain Hook & Liquid Soul – Polished Chrome.flac";"00:08:53";"Flac Audio";"2-08";"Protonica";"Labels";"2014";"Liquid Soul (3) & Captain Hook";"Progressive Trance/Psy-Trance";"\\HOMERSTATION\_LossLess\TRANCE\Labels\Yellow Sunshine Explosion\[YSE 337-CD] VA - Goa Session by Protonica 2CD (2014)";"Yellow Sunshine Explosion";"Goa Session";"TRANCE";"2";"08";"Polished Chrome";"3999";"\\HOMERSTATION\_LossLess\TRANCE\Labels\Yellow Sunshine Explosion\[YSE 337-CD] VA - Goa Session by Protonica 2CD (2014)\CD2";"2017-03-07 13:01:57";"NEW";"54390";"Label/Physique"
"489,8";"08. Liquid Soul & Zyce – Anjuna (feat. Solar Kid).flac";"00:08:10";"Flac Audio";"1-08";"Protonica";"Labels";"2014";"Liquid Soul (3) & Zyce Feat. Solar Kid";"Progressive Trance/Psy-Trance";"\\HOMERSTATION\_LossLess\TRANCE\Labels\Yellow Sunshine Explosion\[YSE 337-CD] VA - Goa Session by Protonica 2CD (2014)";"Yellow Sunshine Explosion";"Goa Session";"TRANCE";"1";"08";"Anjuna";"3999";"\\HOMERSTATION\_LossLess\TRANCE\Labels\Yellow Sunshine Explosion\[YSE 337-CD] VA - Goa Session by Protonica 2CD (2014)\CD1";"2017-03-07 13:01:57";"NEW";"54391";"Label/Physique"
"502,427";"09. Liquid Soul & Symbolic – Different Reality (Tripswitch Rmx).flac";"00:08:22";"Flac Audio";"1-09";"Protonica";"Labels";"2014";"Liquid Soul (3) & Symbolic";"Progressive Trance/Psy-Trance";"\\HOMERSTATION\_LossLess\TRANCE\Labels\Yellow Sunshine Explosion\[YSE 337-CD] VA - Goa Session by Protonica 2CD (2014)";"Yellow Sunshine Explosion";"Goa Session";"TRANCE";"1";"09";"Different Reality (Tripswitch Remix).";"3999";"\\HOMERSTATION\_LossLess\TRANCE\Labels\Yellow Sunshine Explosion\[YSE 337-CD] VA - Goa Session by Protonica 2CD (2014)\CD1";"2017-03-07 13:01:57";"NEW";"54392";"Label/Physique"
"438,72";"09. Ticon – Waiting For The Knights (FREq Rmx).flac";"00:07:19";"Flac Audio";"2-09";"Protonica";"Labels";"2014";"Ticon";"Progressive Trance/Psy-Trance";"\\HOMERSTATION\_LossLess\TRANCE\Labels\Yellow Sunshine Explosion\[YSE 337-CD] VA - Goa Session by Protonica 2CD (2014)";"Yellow Sunshine Explosion";"Goa Session";"TRANCE";"2";"09";"Waiting For The Knights (Freq Remix)";"3999";"\\HOMERSTATION\_LossLess\TRANCE\Labels\Yellow Sunshine Explosion\[YSE 337-CD] VA - Goa Session by Protonica 2CD (2014)\CD2";"2017-03-07 13:01:57";"NEW";"54393";"Label/Physique"
"338,267";"01 - Cosmosis - Afterglow.flac";"00:05:38";"Flac Audio";"01";"Various";"Labels";"1997";"Cosmosis";"Electronic";"\\HOMERSTATION\_LossLess\TRANCE\Labels\YoYo Records\[YOYO018] VA - The Future Sound of Ambient III (1997)";"YoYo Records";"The Future Sound of Ambient III";"TRANCE";"0";"01";"Afterglow";"3628";"\\HOMERSTATION\_LossLess\TRANCE\Labels\YoYo Records\[YOYO018] VA - The Future Sound of Ambient III (1997)";"2017-03-07 13:02:25";"NEW";"54394";"Label/Physique"
"490,867";"02 - X-Dream - Relaxed Vortex.flac";"00:08:11";"Flac Audio";"02";"Various";"Labels";"1997";"X-Dream";"Electronic";"\\HOMERSTATION\_LossLess\TRANCE\Labels\YoYo Records\[YOYO018] VA - The Future Sound of Ambient III (1997)";"YoYo Records";"The Future Sound of Ambient III";"TRANCE";"0";"02";"Relaxed Vortex";"3628";"\\HOMERSTATION\_LossLess\TRANCE\Labels\YoYo Records\[YOYO018] VA - The Future Sound of Ambient III (1997)";"2017-03-07 13:02:25";"NEW";"54395";"Label/Physique"
"366,133";"03 - 100th Monkey - Schumacher Levy no. 9.flac";"00:06:06";"Flac Audio";"03";"Various";"Labels";"1997";"100th Monkey";"Electronic";"\\HOMERSTATION\_LossLess\TRANCE\Labels\YoYo Records\[YOYO018] VA - The Future Sound of Ambient III (1997)";"YoYo Records";"The Future Sound of Ambient III";"TRANCE";"0";"03";"Schumacher Levy no. 9";"3628";"\\HOMERSTATION\_LossLess\TRANCE\Labels\YoYo Records\[YOYO018] VA - The Future Sound of Ambient III (1997)";"2017-03-07 13:02:25";"NEW";"54396";"Label/Physique"
"445,027";"04 - Sundog - Seven Minutes 2 Midnight.flac";"00:07:25";"Flac Audio";"04";"Various";"Labels";"1997";"Sundog";"Electronic";"\\HOMERSTATION\_LossLess\TRANCE\Labels\YoYo Records\[YOYO018] VA - The Future Sound of Ambient III (1997)";"YoYo Records";"The Future Sound of Ambient III";"TRANCE";"0";"04";"Seven Minutes 2 Midnight";"3628";"\\HOMERSTATION\_LossLess\TRANCE\Labels\YoYo Records\[YOYO018] VA - The Future Sound of Ambient III (1997)";"2017-03-07 13:02:25";"NEW";"54397";"Label/Physique"
"407,307";"05 - Astralasia - Tantric Afterglow.flac";"00:06:47";"Flac Audio";"05";"Various";"Labels";"1997";"Astralasia";"Electronic";"\\HOMERSTATION\_LossLess\TRANCE\Labels\YoYo Records\[YOYO018] VA - The Future Sound of Ambient III (1997)";"YoYo Records";"The Future Sound of Ambient III";"TRANCE";"0";"05";"Tantric Afterglow";"3628";"\\HOMERSTATION\_LossLess\TRANCE\Labels\YoYo Records\[YOYO018] VA - The Future Sound of Ambient III (1997)";"2017-03-07 13:02:25";"NEW";"54398";"Label/Physique"
"561,8";"06 - Total Eclipse - Espanolizer.flac";"00:09:22";"Flac Audio";"06";"Various";"Labels";"1997";"Total Eclipse";"Electronic";"\\HOMERSTATION\_LossLess\TRANCE\Labels\YoYo Records\[YOYO018] VA - The Future Sound of Ambient III (1997)";"YoYo Records";"The Future Sound of Ambient III";"TRANCE";"0";"06";"Espanolizer";"3628";"\\HOMERSTATION\_LossLess\TRANCE\Labels\YoYo Records\[YOYO018] VA - The Future Sound of Ambient III (1997)";"2017-03-07 13:02:25";"NEW";"54399";"Label/Physique"
"365,893";"07 - Digitalis - Kyphi.flac";"00:06:06";"Flac Audio";"07";"Various";"Labels";"1997";"Digitalis";"Electronic";"\\HOMERSTATION\_LossLess\TRANCE\Labels\YoYo Records\[YOYO018] VA - The Future Sound of Ambient III (1997)";"YoYo Records";"The Future Sound of Ambient III";"TRANCE";"0";"07";"Kyphi";"3628";"\\HOMERSTATION\_LossLess\TRANCE\Labels\YoYo Records\[YOYO018] VA - The Future Sound of Ambient III (1997)";"2017-03-07 13:02:25";"NEW";"54400";"Label/Physique"
"330,707";"08 - The Infinity Project - Alien Patrol.flac";"00:05:31";"Flac Audio";"08";"Various";"Labels";"1997";"The Infinity Project";"Electronic";"\\HOMERSTATION\_LossLess\TRANCE\Labels\YoYo Records\[YOYO018] VA - The Future Sound of Ambient III (1997)";"YoYo Records";"The Future Sound of Ambient III";"TRANCE";"0";"08";"Alien Patrol";"3628";"\\HOMERSTATION\_LossLess\TRANCE\Labels\YoYo Records\[YOYO018] VA - The Future Sound of Ambient III (1997)";"2017-03-07 13:02:25";"NEW";"54401";"Label/Physique"
"479,933";"09 - Timeshard - Cosmic Carrot.flac";"00:08:00";"Flac Audio";"09";"Various";"Labels";"1997";"Timeshard";"Electronic";"\\HOMERSTATION\_LossLess\TRANCE\Labels\YoYo Records\[YOYO018] VA - The Future Sound of Ambient III (1997)";"YoYo Records";"The Future Sound of Ambient III";"TRANCE";"0";"09";"Cosmic Carrot";"3628";"\\HOMERSTATION\_LossLess\TRANCE\Labels\YoYo Records\[YOYO018] VA - The Future Sound of Ambient III (1997)";"2017-03-07 13:02:25";"NEW";"54402";"Label/Physique"
"565,627";"10 - Eat Static - Area 51.flac";"00:09:26";"Flac Audio";"10";"Various";"Labels";"1997";"Eat Static";"Electronic";"\\HOMERSTATION\_LossLess\TRANCE\Labels\YoYo Records\[YOYO018] VA - The Future Sound of Ambient III (1997)";"YoYo Records";"The Future Sound of Ambient III";"TRANCE";"0";"10";"Area 51";"3628";"\\HOMERSTATION\_LossLess\TRANCE\Labels\YoYo Records\[YOYO018] VA - The Future Sound of Ambient III (1997)";"2017-03-07 13:02:25";"NEW";"54403";"Label/Physique"
"478,213";"01. Quantum - Vicious Cycles.ape";"00:07:58";"Monkey's Audio APE Version 3.990";"01";"Quantum";"Labels";"2005";"Quantum";"Psy-Trance";"\\HOMERSTATION\_LossLess\TRANCE\Labels\YoYo Records\[YOYO070] Quantum - Kiss the Sound (2005)";"YoYo Records";"Kiss The Sound";"TRANCE";"0";"01";"Vicious Cycles";"3789";"\\HOMERSTATION\_LossLess\TRANCE\Labels\YoYo Records\[YOYO070] Quantum - Kiss the Sound (2005)";"2017-03-07 13:02:35";"NEW";"54404";"Label/Physique"
"421,56";"02. Quantum - Push me Up (feat. Timelock).ape";"00:07:02";"Monkey's Audio APE Version 3.990";"02";"Quantum";"Labels";"2005";"Quantum";"Psy-Trance";"\\HOMERSTATION\_LossLess\TRANCE\Labels\YoYo Records\[YOYO070] Quantum - Kiss the Sound (2005)";"YoYo Records";"Kiss The Sound";"TRANCE";"0";"02";"Push Me Up";"3789";"\\HOMERSTATION\_LossLess\TRANCE\Labels\YoYo Records\[YOYO070] Quantum - Kiss the Sound (2005)";"2017-03-07 13:02:35";"NEW";"54405";"Label/Physique"
"473,827";"03. Quantum - Cop Thing.ape";"00:07:54";"Monkey's Audio APE Version 3.990";"03";"Quantum";"Labels";"2005";"Quantum";"Psy-Trance";"\\HOMERSTATION\_LossLess\TRANCE\Labels\YoYo Records\[YOYO070] Quantum - Kiss the Sound (2005)";"YoYo Records";"Kiss The Sound";"TRANCE";"0";"03";"Cop Thing";"3789";"\\HOMERSTATION\_LossLess\TRANCE\Labels\YoYo Records\[YOYO070] Quantum - Kiss the Sound (2005)";"2017-03-07 13:02:36";"NEW";"54406";"Label/Physique"
"372,16";"04. Quantum - Need for Lead.ape";"00:06:12";"Monkey's Audio APE Version 3.990";"04";"Quantum";"Labels";"2005";"Quantum";"Psy-Trance";"\\HOMERSTATION\_LossLess\TRANCE\Labels\YoYo Records\[YOYO070] Quantum - Kiss the Sound (2005)";"YoYo Records";"Kiss The Sound";"TRANCE";"0";"04";"Need For Lead";"3789";"\\HOMERSTATION\_LossLess\TRANCE\Labels\YoYo Records\[YOYO070] Quantum - Kiss the Sound (2005)";"2017-03-07 13:02:36";"NEW";"54407";"Label/Physique"
"441,493";"05. Quantum - Rebellion.ape";"00:07:21";"Monkey's Audio APE Version 3.990";"05";"Quantum";"Labels";"2005";"Quantum";"Psy-Trance";"\\HOMERSTATION\_LossLess\TRANCE\Labels\YoYo Records\[YOYO070] Quantum - Kiss the Sound (2005)";"YoYo Records";"Kiss The Sound";"TRANCE";"0";"05";"Rebellion";"3789";"\\HOMERSTATION\_LossLess\TRANCE\Labels\YoYo Records\[YOYO070] Quantum - Kiss the Sound (2005)";"2017-03-07 13:02:36";"NEW";"54408";"Label/Physique"
"460,2";"06. Quantum - On the Edge.ape";"00:07:40";"Monkey's Audio APE Version 3.990";"06";"Quantum";"Labels";"2005";"Quantum";"Psy-Trance";"\\HOMERSTATION\_LossLess\TRANCE\Labels\YoYo Records\[YOYO070] Quantum - Kiss the Sound (2005)";"YoYo Records";"Kiss The Sound";"TRANCE";"0";"06";"On The Edge";"3789";"\\HOMERSTATION\_LossLess\TRANCE\Labels\YoYo Records\[YOYO070] Quantum - Kiss the Sound (2005)";"2017-03-07 13:02:36";"NEW";"54409";"Label/Physique"
"427,507";"07. Quantum - Awaken.ape";"00:07:08";"Monkey's Audio APE Version 3.990";"07";"Quantum";"Labels";"2005";"Quantum";"Psy-Trance";"\\HOMERSTATION\_LossLess\TRANCE\Labels\YoYo Records\[YOYO070] Quantum - Kiss the Sound (2005)";"YoYo Records";"Kiss The Sound";"TRANCE";"0";"07";"Awaken";"3789";"\\HOMERSTATION\_LossLess\TRANCE\Labels\YoYo Records\[YOYO070] Quantum - Kiss the Sound (2005)";"2017-03-07 13:02:37";"NEW";"54410";"Label/Physique"
"437,267";"08. Quantum - Kiss the Sound.ape";"00:07:17";"Monkey's Audio APE Version 3.990";"08";"Quantum";"Labels";"2005";"Quantum";"Psy-Trance";"\\HOMERSTATION\_LossLess\TRANCE\Labels\YoYo Records\[YOYO070] Quantum - Kiss the Sound (2005)";"YoYo Records";"Kiss The Sound";"TRANCE";"0";"08";"Kiss The Sound";"3789";"\\HOMERSTATION\_LossLess\TRANCE\Labels\YoYo Records\[YOYO070] Quantum - Kiss the Sound (2005)";"2017-03-07 13:02:37";"NEW";"54411";"Label/Physique"
"365,147";"09. Quantum - X-per-Minute (feat. E-Jekt).ape";"00:06:05";"Monkey's Audio APE Version 3.990";"09";"Quantum";"Labels";"2005";"Quantum";"Psy-Trance";"\\HOMERSTATION\_LossLess\TRANCE\Labels\YoYo Records\[YOYO070] Quantum - Kiss the Sound (2005)";"YoYo Records";"Kiss The Sound";"TRANCE";"0";"09";"X-Per-Minute";"3789";"\\HOMERSTATION\_LossLess\TRANCE\Labels\YoYo Records\[YOYO070] Quantum - Kiss the Sound (2005)";"2017-03-07 13:02:37";"NEW";"54412";"Label/Physique"
"500,133";"10. Quantum - Skylines (rmx for Timelock).ape";"00:08:20";"Monkey's Audio APE Version 3.990";"10";"Quantum";"Labels";"2005";"Time Lock";"Psy-Trance";"\\HOMERSTATION\_LossLess\TRANCE\Labels\YoYo Records\[YOYO070] Quantum - Kiss the Sound (2005)";"YoYo Records";"Kiss The Sound";"TRANCE";"0";"10";"Skylines Remix";"3789";"\\HOMERSTATION\_LossLess\TRANCE\Labels\YoYo Records\[YOYO070] Quantum - Kiss the Sound (2005)";"2017-03-07 13:02:37";"NEW";"54413";"Label/Physique"
